date,source,frequency,expected_daily,crawl_status,candidates_seen,pages_fetched,article_count,unique_articles,duplicate_articles,usable_articles,usable_rate,previous_count,baseline_median_7d,ratio_to_baseline,zero_streak_days,anomaly_level,anomaly_codes,anomaly_reason,updated_at
2025-06-03,Volta Foundation,周度,false,historical,,,1,1,0,1,1.0000,,,,,,,,2026-07-22T21:27:19.334512+08:00
2025-07-16,Volta Foundation,周度,false,historical,,,1,1,0,1,1.0000,,,,,,,,2026-07-22T21:27:19.334512+08:00
2025-12-03,BloombergNEF Press,月度,false,historical,,,1,1,0,1,1.0000,,,,,,,,2026-07-22T21:27:19.334512+08:00
2025-12-04,BloombergNEF Press,月度,false,historical,,,1,1,0,1,1.0000,,,,,,,,2026-07-22T21:27:19.334512+08:00
2025-12-09,BloombergNEF Press,月度,false,historical,,,1,1,0,1,1.0000,,,,,,,,2026-07-22T21:27:19.334512+08:00
2026-01-06,Volta Foundation,周度,false,historical,,,1,1,0,1,1.0000,,,,,,,,2026-07-22T21:27:19.334512+08:00
2026-01-11,Volta Foundation,周度,false,historical,,,1,1,0,1,1.0000,,,,,,,,2026-07-22T21:27:19.334512+08:00
2026-01-26,BloombergNEF Press,月度,false,historical,,,1,1,0,1,1.0000,,,,,,,,2026-07-22T21:27:19.334512+08:00
2026-01-28,Volta Foundation,周度,false,historical,,,1,1,0,1,1.0000,,,,,,,,2026-07-22T21:27:19.334512+08:00
2026-02-11,Volta Foundation,周度,false,historical,,,1,1,0,1,1.0000,,,,,,,,2026-07-22T21:27:19.334512+08:00
2026-02-18,BloombergNEF Press,月度,false,historical,,,2,2,0,2,1.0000,,,,,,,,2026-07-22T21:27:19.334512+08:00
2026-02-19,BloombergNEF Press,月度,false,historical,,,1,1,0,1,1.0000,,,,,,,,2026-07-22T21:27:19.334512+08:00
2026-03-09,BloombergNEF Press,月度,false,historical,,,1,1,0,1,1.0000,,,,,,,,2026-07-22T21:27:19.334512+08:00
2026-03-19,BloombergNEF Press,月度,false,historical,,,1,1,0,1,1.0000,,,,,,,,2026-07-22T21:27:19.334512+08:00
2026-03-19,Volta Foundation,周度,false,historical,,,1,1,0,1,1.0000,,,,,,,,2026-07-22T21:27:19.334512+08:00
2026-03-27,Volta Foundation,周度,false,historical,,,1,1,0,1,1.0000,,,,,,,,2026-07-22T21:27:19.334512+08:00
2026-04-16,MIT Technology Review Climate,实时,true,historical,,,3,3,0,3,1.0000,,,,,,,,2026-07-22T21:27:19.334512+08:00
2026-04-21,MIT Technology Review Climate,实时,true,historical,,,1,1,0,1,1.0000,,,,,,,,2026-07-22T21:27:19.334512+08:00
2026-04-23,MIT Technology Review Climate,实时,true,historical,,,1,1,0,1,1.0000,,,,,,,,2026-07-22T21:27:19.334512+08:00
2026-04-29,MIT Technology Review Climate,实时,true,historical,,,1,1,0,1,1.0000,,,,,,,,2026-07-22T21:27:19.334512+08:00
2026-05-04,electrive,实时,true,historical,,,1,1,0,1,1.0000,,,,,,,,2026-07-22T21:27:19.334512+08:00
2026-05-05,electrive,实时,true,historical,,,1,1,0,1,1.0000,,,,,,,,2026-07-22T21:27:19.334512+08:00
2026-05-06,Ammonia Energy Association,周度,false,historical,,,1,1,0,1,1.0000,,,,,,,,2026-07-22T21:27:19.334512+08:00
2026-05-06,electrive,实时,true,historical,,,1,1,0,1,1.0000,,,,,,,,2026-07-22T21:27:19.334512+08:00
2026-05-07,Ammonia Energy Association,周度,false,historical,,,1,1,0,1,1.0000,,,,,,,,2026-07-22T21:27:19.334512+08:00
2026-05-07,Battery Tech Online,实时,true,historical,,,2,2,0,2,1.0000,,,,,,,,2026-07-22T21:27:19.334512+08:00
2026-05-07,MIT Technology Review Climate,实时,true,historical,,,1,1,0,1,1.0000,,,,,,,,2026-07-22T21:27:19.334512+08:00
2026-05-07,electrive,实时,true,historical,,,2,2,0,2,1.0000,,,,,,,,2026-07-22T21:27:19.334512+08:00
2026-05-08,electrive,实时,true,historical,,,1,1,0,1,1.0000,,,,,,,,2026-07-22T21:27:19.334512+08:00
2026-05-09,electrive,实时,true,historical,,,1,1,0,1,1.0000,,,,,,,,2026-07-22T21:27:19.334512+08:00
2026-05-11,Ammonia Energy Association,周度,false,historical,,,1,1,0,1,1.0000,,,,,,,,2026-07-22T21:27:19.334512+08:00
2026-05-11,electrive,实时,true,historical,,,1,1,0,1,1.0000,,,,,,,,2026-07-22T21:27:19.334512+08:00
2026-05-12,Ammonia Energy Association,周度,false,historical,,,2,2,0,2,1.0000,,,,,,,,2026-07-22T21:27:19.334512+08:00
2026-05-12,Battery Tech Online,实时,true,historical,,,2,2,0,2,1.0000,,,,,,,,2026-07-22T21:27:19.334512+08:00
2026-05-12,electrive,实时,true,historical,,,2,2,0,2,1.0000,,,,,,,,2026-07-22T21:27:19.334512+08:00
2026-05-13,Battery Tech Online,实时,true,historical,,,2,2,0,2,1.0000,,,,,,,,2026-07-22T21:27:19.334512+08:00
2026-05-13,electrive,实时,true,historical,,,3,3,0,3,1.0000,,,,,,,,2026-07-22T21:27:19.334512+08:00
2026-05-14,Battery Tech Online,实时,true,historical,,,1,1,0,1,1.0000,,,,,,,,2026-07-22T21:27:19.334512+08:00
2026-05-14,MIT Technology Review Climate,实时,true,historical,,,1,1,0,1,1.0000,,,,,,,,2026-07-22T21:27:19.334512+08:00
2026-05-14,electrive,实时,true,historical,,,1,1,0,1,1.0000,,,,,,,,2026-07-22T21:27:19.334512+08:00
2026-05-14,pv magazine C&I PV,实时,true,historical,,,1,1,0,1,1.0000,,,,,,,,2026-07-22T21:27:19.334512+08:00
2026-05-15,Ammonia Energy Association,周度,false,historical,,,2,2,0,2,1.0000,,,,,,,,2026-07-22T21:27:19.334512+08:00
2026-05-15,Battery Tech Online,实时,true,historical,,,1,1,0,1,1.0000,,,,,,,,2026-07-22T21:27:19.334512+08:00
2026-05-15,Volta Foundation,周度,false,historical,,,1,1,0,1,1.0000,,,,,,,,2026-07-22T21:27:19.334512+08:00
2026-05-15,pv magazine C&I PV,实时,true,historical,,,2,2,0,2,1.0000,,,,,,,,2026-07-22T21:27:19.334512+08:00
2026-05-16,Battery Tech Online,实时,true,historical,,,1,1,0,1,1.0000,,,,,,,,2026-07-22T21:27:19.334512+08:00
2026-05-18,Supply Chain Digital,实时,true,historical,,,1,1,0,1,1.0000,,,,,,,,2026-07-22T21:27:19.334512+08:00
2026-05-18,electrive,实时,true,historical,,,2,2,0,2,1.0000,,,,,,,,2026-07-22T21:27:19.334512+08:00
2026-05-18,pv magazine C&I PV,实时,true,historical,,,3,3,0,3,1.0000,,,,,,,,2026-07-22T21:27:19.334512+08:00
2026-05-19,Battery Tech Online,实时,true,historical,,,3,3,0,3,1.0000,,,,,,,,2026-07-22T21:27:19.334512+08:00
2026-05-19,BloombergNEF Press,月度,false,historical,,,1,1,0,1,1.0000,,,,,,,,2026-07-22T21:27:19.334512+08:00
2026-05-19,Hydrogen Tech World,周度,false,historical,,,3,3,0,0,0.0000,,,,,,,,2026-07-22T21:27:19.334512+08:00
2026-05-19,Supply Chain Digital,实时,true,historical,,,3,3,0,3,1.0000,,,,,,,,2026-07-22T21:27:19.334512+08:00
2026-05-19,Volta Foundation,周度,false,historical,,,1,1,0,1,1.0000,,,,,,,,2026-07-22T21:27:19.334512+08:00
2026-05-19,pv magazine C&I PV,实时,true,historical,,,2,2,0,2,1.0000,,,,,,,,2026-07-22T21:27:19.334512+08:00
2026-05-20,Battery Tech Online,实时,true,historical,,,2,2,0,2,1.0000,,,,,,,,2026-07-22T21:27:19.334512+08:00
2026-05-20,Hydrogen Tech World,周度,false,historical,,,3,3,0,0,0.0000,,,,,,,,2026-07-22T21:27:19.334512+08:00
2026-05-20,MIT Technology Review Climate,实时,true,historical,,,1,1,0,1,1.0000,,,,,,,,2026-07-22T21:27:19.334512+08:00
2026-05-20,Supply Chain Digital,实时,true,historical,,,5,5,0,5,1.0000,,,,,,,,2026-07-22T21:27:19.334512+08:00
2026-05-20,electrive,实时,true,historical,,,1,1,0,1,1.0000,,,,,,,,2026-07-22T21:27:19.334512+08:00
2026-05-20,pv magazine C&I PV,实时,true,historical,,,3,3,0,3,1.0000,,,,,,,,2026-07-22T21:27:19.334512+08:00
2026-05-21,Batteries International,实时（新闻资讯）+季度（新闻整合）,false,historical,,,10,10,0,10,1.0000,,,,,,,,2026-07-22T21:27:19.334512+08:00
2026-05-21,Battery Tech Online,实时,true,historical,,,1,1,0,1,1.0000,,,,,,,,2026-07-22T21:27:19.334512+08:00
2026-05-21,ESS News,实时,true,historical,,,4,4,0,4,1.0000,,,,,,,,2026-07-22T21:27:19.334512+08:00
2026-05-21,Hydrogen Tech World,周度,false,historical,,,2,2,0,0,0.0000,,,,,,,,2026-07-22T21:27:19.334512+08:00
2026-05-21,MIT Technology Review,实时,true,historical,,,2,2,0,2,1.0000,,,,,,,,2026-07-22T21:27:19.334512+08:00
2026-05-21,MIT Technology Review Climate,实时,true,historical,,,1,1,0,1,1.0000,,,,,,,,2026-07-22T21:27:19.334512+08:00
2026-05-21,Supply Chain Digital,实时,true,historical,,,5,5,0,5,1.0000,,,,,,,,2026-07-22T21:27:19.334512+08:00
2026-05-21,electrive,实时,true,historical,,,2,2,0,2,1.0000,,,,,,,,2026-07-22T21:27:19.334512+08:00
2026-05-21,pv magazine C&I PV,实时,true,historical,,,4,4,0,4,1.0000,,,,,,,,2026-07-22T21:27:19.334512+08:00
2026-05-21,the information,实时,true,historical,,,1,1,0,1,1.0000,,,,,,,,2026-07-22T21:27:19.334512+08:00
2026-05-22,Ammonia Energy Association,周度,false,historical,,,1,1,0,1,1.0000,,,,,,,,2026-07-22T21:27:19.334512+08:00
2026-05-22,Battery Tech Online,实时,true,historical,,,1,1,0,1,1.0000,,,,,,,,2026-07-22T21:27:19.334512+08:00
2026-05-22,ESS News,实时,true,historical,,,3,3,0,3,1.0000,,,,,,,,2026-07-22T21:27:19.334512+08:00
2026-05-22,Informationsdienst Wissenschaft-idw,实时,true,historical,,,3,3,0,3,1.0000,,,,,,,,2026-07-22T21:27:19.334512+08:00
2026-05-22,MIT Technology Review,实时,true,historical,,,5,5,0,5,1.0000,,,,,,,,2026-07-22T21:27:19.334512+08:00
2026-05-22,Supply Chain Digital,实时,true,historical,,,3,3,0,3,1.0000,,,,,,,,2026-07-22T21:27:19.334512+08:00
2026-05-22,electrive,实时,true,historical,,,1,1,0,1,1.0000,,,,,,,,2026-07-22T21:27:19.334512+08:00
2026-05-22,pv magazine C&I PV,实时,true,historical,,,2,2,0,2,1.0000,,,,,,,,2026-07-22T21:27:19.334512+08:00
2026-05-22,the information,实时,true,historical,,,4,4,0,0,0.0000,,,,,,,,2026-07-22T21:27:19.334512+08:00
2026-05-23,Battery Tech Online,实时,true,historical,,,4,4,0,4,1.0000,,,,,,,,2026-07-22T21:27:19.334512+08:00
2026-05-23,Electrek,实时,true,historical,,,6,6,0,6,1.0000,,,,,,,,2026-07-22T21:27:19.334512+08:00
2026-05-23,Supply Chain Digital,实时,true,historical,,,2,2,0,2,1.0000,,,,,,,,2026-07-22T21:27:19.334512+08:00
2026-05-23,pv magazine C&I PV,实时,true,historical,,,1,1,0,1,1.0000,,,,,,,,2026-07-22T21:27:19.334512+08:00
2026-05-23,the information,实时,true,historical,,,8,8,0,2,0.2500,,,,,,,,2026-07-22T21:27:19.334512+08:00
2026-05-24,Electrek,实时,true,historical,,,3,3,0,3,1.0000,,,,,,,,2026-07-22T21:27:19.334512+08:00
2026-05-24,Supply Chain Digital,实时,true,historical,,,1,1,0,1,1.0000,,,,,,,,2026-07-22T21:27:19.334512+08:00
2026-05-24,the information,实时,true,historical,,,1,1,0,0,0.0000,,,,,,,,2026-07-22T21:27:19.334512+08:00
2026-05-25,Ammonia Energy Association,周度,false,historical,,,1,1,0,1,1.0000,,,,,,,,2026-07-22T21:27:19.334512+08:00
2026-05-25,Electrek,实时,true,historical,,,5,5,0,5,1.0000,,,,,,,,2026-07-22T21:27:19.334512+08:00
2026-05-25,Hydrogen Tech World,周度,false,historical,,,1,1,0,0,0.0000,,,,,,,,2026-07-22T21:27:19.334512+08:00
2026-05-25,Supply Chain Digital,实时,true,historical,,,1,1,0,1,1.0000,,,,,,,,2026-07-22T21:27:19.334512+08:00
2026-05-25,pv magazine,实时,true,historical,,,11,11,0,11,1.0000,,,,,,,,2026-07-22T21:27:19.334512+08:00
2026-05-25,scitechdaily,实时,true,historical,,,7,7,0,7,1.0000,,,,,,,,2026-07-22T21:27:19.334512+08:00
2026-05-25,the information,实时,true,historical,,,2,2,0,1,0.5000,,,,,,,,2026-07-22T21:27:19.334512+08:00
2026-05-26,Ammonia Energy Association,周度,false,historical,,,1,1,0,1,1.0000,,,,,,,,2026-07-22T21:27:19.334512+08:00
2026-05-26,ESS News,实时,true,historical,,,3,3,0,3,1.0000,,,,,,,,2026-07-22T21:27:19.334512+08:00
2026-05-26,Electrek,实时,true,historical,,,8,8,0,8,1.0000,,,,,,,,2026-07-22T21:27:19.334512+08:00
2026-05-26,Hydrogen Tech World,周度,false,historical,,,1,1,0,0,0.0000,,,,,,,,2026-07-22T21:27:19.334512+08:00
2026-05-26,Informationsdienst Wissenschaft-idw,实时,true,historical,,,8,8,0,8,1.0000,,,,,,,,2026-07-22T21:27:19.334512+08:00
2026-05-26,MIT Technology Review,实时,true,historical,,,4,4,0,4,1.0000,,,,,,,,2026-07-22T21:27:19.334512+08:00
2026-05-26,Supply Chain Digital,实时,true,historical,,,4,4,0,4,1.0000,,,,,,,,2026-07-22T21:27:19.334512+08:00
2026-05-26,electrive,实时,true,historical,,,1,1,0,1,1.0000,,,,,,,,2026-07-22T21:27:19.334512+08:00
2026-05-26,interesting engineering,实时,true,historical,,,10,10,0,10,1.0000,,,,,,,,2026-07-22T21:27:19.334512+08:00
2026-05-26,pv magazine,实时,true,historical,,,9,9,0,9,1.0000,,,,,,,,2026-07-22T21:27:19.334512+08:00
2026-05-26,scitechdaily,实时,true,historical,,,14,14,0,14,1.0000,,,,,,,,2026-07-22T21:27:19.334512+08:00
2026-05-26,the information,实时,true,historical,,,5,5,0,2,0.4000,,,,,,,,2026-07-22T21:27:19.334512+08:00
2026-05-27,Ammonia Energy Association,周度,false,historical,,,1,1,0,1,1.0000,,,,,,,,2026-07-22T21:27:19.334512+08:00
2026-05-27,Batteries International,实时（新闻资讯）+季度（新闻整合）,false,historical,,,3,3,0,3,1.0000,,,,,,,,2026-07-22T21:27:19.334512+08:00
2026-05-27,Battery Tech Online,实时,true,historical,,,1,1,0,1,1.0000,,,,,,,,2026-07-22T21:27:19.334512+08:00
2026-05-27,BloombergNEF Press,月度,false,historical,,,1,1,0,1,1.0000,,,,,,,,2026-07-22T21:27:19.334512+08:00
2026-05-27,ESS News,实时,true,historical,,,5,5,0,5,1.0000,,,,,,,,2026-07-22T21:27:19.334512+08:00
2026-05-27,Electrek,实时,true,historical,,,14,14,0,14,1.0000,,,,,,,,2026-07-22T21:27:19.334512+08:00
2026-05-27,Hydrogen Tech World,周度,false,historical,,,1,1,0,0,0.0000,,,,,,,,2026-07-22T21:27:19.334512+08:00
2026-05-27,Informationsdienst Wissenschaft-idw,实时,true,historical,,,9,9,0,9,1.0000,,,,,,,,2026-07-22T21:27:19.334512+08:00
2026-05-27,MIT Technology Review,实时,true,historical,,,1,1,0,1,1.0000,,,,,,,,2026-07-22T21:27:19.334512+08:00
2026-05-27,Supply Chain Digital,实时,true,historical,,,4,4,0,4,1.0000,,,,,,,,2026-07-22T21:27:19.334512+08:00
2026-05-27,Volta Foundation,周度,false,historical,,,1,1,0,1,1.0000,,,,,,,,2026-07-22T21:27:19.334512+08:00
2026-05-27,electrive,实时,true,historical,,,2,2,0,2,1.0000,,,,,,,,2026-07-22T21:27:19.334512+08:00
2026-05-27,interesting engineering,实时,true,historical,,,13,13,0,13,1.0000,,,,,,,,2026-07-22T21:27:19.334512+08:00
2026-05-27,pv magazine,实时,true,historical,,,7,7,0,7,1.0000,,,,,,,,2026-07-22T21:27:19.334512+08:00
2026-05-27,scitechdaily,实时,true,historical,,,13,13,0,13,1.0000,,,,,,,,2026-07-22T21:27:19.334512+08:00
2026-05-27,the information,实时,true,historical,,,16,16,0,6,0.3750,,,,,,,,2026-07-22T21:27:19.334512+08:00
2026-05-28,Ammonia Energy Association,周度,false,historical,,,3,3,0,0,0.0000,,,,,,,,2026-07-22T21:27:19.334512+08:00
2026-05-28,Batteries International,实时（新闻资讯）+季度（新闻整合）,false,historical,,,4,4,0,4,1.0000,,,,,,,,2026-07-22T21:27:19.334512+08:00
2026-05-28,Battery Tech Online,实时,true,historical,,,3,3,0,3,1.0000,,,,,,,,2026-07-22T21:27:19.334512+08:00
2026-05-28,ESS News,实时,true,historical,,,4,4,0,4,1.0000,,,,,,,,2026-07-22T21:27:19.334512+08:00
2026-05-28,Electrek,实时,true,historical,,,9,9,0,9,1.0000,,,,,,,,2026-07-22T21:27:19.334512+08:00
2026-05-28,Informationsdienst Wissenschaft-idw,实时,true,historical,,,3,3,0,3,1.0000,,,,,,,,2026-07-22T21:27:19.334512+08:00
2026-05-28,MIT Technology Review,实时,true,historical,,,3,3,0,3,1.0000,,,,,,,,2026-07-22T21:27:19.334512+08:00
2026-05-28,Renewables Now,实时,true,historical,,,14,14,0,14,1.0000,,,,,,,,2026-07-22T21:27:19.334512+08:00
2026-05-28,Supply Chain Digital,实时,true,historical,,,4,4,0,4,1.0000,,,,,,,,2026-07-22T21:27:19.334512+08:00
2026-05-28,electrive,实时,true,historical,,,3,3,0,3,1.0000,,,,,,,,2026-07-22T21:27:19.334512+08:00
2026-05-28,interesting engineering,实时,true,historical,,,17,17,0,17,1.0000,,,,,,,,2026-07-22T21:27:19.334512+08:00
2026-05-28,pv magazine,实时,true,historical,,,10,10,0,10,1.0000,,,,,,,,2026-07-22T21:27:19.334512+08:00
2026-05-28,scitechdaily,实时,true,historical,,,9,9,0,9,1.0000,,,,,,,,2026-07-22T21:27:19.334512+08:00
2026-05-28,the information,实时,true,historical,,,13,13,0,5,0.3846,,,,,,,,2026-07-22T21:27:19.334512+08:00
2026-05-28,中国电力新闻网-新能源,实时,true,historical,,,6,3,3,6,1.0000,,,,,,,,2026-07-22T21:27:19.334512+08:00
2026-05-28,中国电力新闻网-科技,实时,true,historical,,,4,2,2,4,1.0000,,,,,,,,2026-07-22T21:27:19.334512+08:00
2026-05-28,新华网科技,实时,true,historical,,,8,8,0,8,1.0000,,,,,,,,2026-07-22T21:27:19.334512+08:00
2026-05-28,索比光伏,实时,true,historical,,,2,2,0,2,1.0000,,,,,,,,2026-07-22T21:27:19.334512+08:00
2026-05-28,索比光伏-综合新闻,实时,true,historical,,,7,7,0,5,0.7143,,,,,,,,2026-07-22T21:27:19.334512+08:00
2026-05-28,网易知光谷,低频,false,historical,,,2,2,0,2,1.0000,,,,,,,,2026-07-22T21:27:19.334512+08:00
2026-05-29,Battery Tech Online,实时,true,historical,,,2,2,0,2,1.0000,,,,,,,,2026-07-22T21:27:19.334512+08:00
2026-05-29,ESS News,实时,true,historical,,,3,3,0,3,1.0000,,,,,,,,2026-07-22T21:27:19.334512+08:00
2026-05-29,Electrek,实时,true,historical,,,1,1,0,1,1.0000,,,,,,,,2026-07-22T21:27:19.334512+08:00
2026-05-29,MIT Technology Review,实时,true,historical,,,2,2,0,2,1.0000,,,,,,,,2026-07-22T21:27:19.334512+08:00
2026-05-29,Renewables Now,实时,true,historical,,,4,4,0,4,1.0000,,,,,,,,2026-07-22T21:27:19.334512+08:00
2026-05-29,Supply Chain Digital,实时,true,historical,,,7,7,0,7,1.0000,,,,,,,,2026-07-22T21:27:19.334512+08:00
2026-05-29,interesting engineering,实时,true,historical,,,2,2,0,2,1.0000,,,,,,,,2026-07-22T21:27:19.334512+08:00
2026-05-29,pv magazine,实时,true,historical,,,10,10,0,10,1.0000,,,,,,,,2026-07-22T21:27:19.334512+08:00
2026-05-29,scitechdaily,实时,true,historical,,,9,9,0,9,1.0000,,,,,,,,2026-07-22T21:27:19.334512+08:00
2026-05-29,the information,实时,true,historical,,,11,11,0,0,0.0000,,,,,,,,2026-07-22T21:27:19.334512+08:00
2026-05-29,中国电力新闻网-新能源,实时,true,historical,,,4,2,2,4,1.0000,,,,,,,,2026-07-22T21:27:19.334512+08:00
2026-05-29,中国电力新闻网-科技,实时,true,historical,,,2,1,1,2,1.0000,,,,,,,,2026-07-22T21:27:19.334512+08:00
2026-05-29,新华网科技,实时,true,historical,,,7,7,0,7,1.0000,,,,,,,,2026-07-22T21:27:19.334512+08:00
2026-05-29,索比光伏,实时,true,historical,,,4,4,0,3,0.7500,,,,,,,,2026-07-22T21:27:19.334512+08:00
2026-05-29,索比光伏-综合新闻,实时,true,historical,,,6,6,0,6,1.0000,,,,,,,,2026-07-22T21:27:19.334512+08:00
2026-05-29,网易知光谷,低频,false,historical,,,4,4,0,4,1.0000,,,,,,,,2026-07-22T21:27:19.334512+08:00
2026-05-30,Electrek,实时,true,historical,,,4,4,0,4,1.0000,,,,,,,,2026-07-22T21:27:19.334512+08:00
2026-05-30,Supply Chain Digital,实时,true,historical,,,3,3,0,2,0.6667,,,,,,,,2026-07-22T21:27:19.334512+08:00
2026-05-30,electrive,实时,true,historical,,,1,1,0,1,1.0000,,,,,,,,2026-07-22T21:27:19.334512+08:00
2026-05-30,interesting engineering,实时,true,historical,,,8,8,0,8,1.0000,,,,,,,,2026-07-22T21:27:19.334512+08:00
2026-05-30,pv magazine,实时,true,historical,,,6,6,0,6,1.0000,,,,,,,,2026-07-22T21:27:19.334512+08:00
2026-05-30,scitechdaily,实时,true,historical,,,11,11,0,11,1.0000,,,,,,,,2026-07-22T21:27:19.334512+08:00
2026-05-30,the information,实时,true,historical,,,5,5,0,0,0.0000,,,,,,,,2026-07-22T21:27:19.334512+08:00
2026-05-30,新华网科技,实时,true,historical,,,1,1,0,1,1.0000,,,,,,,,2026-07-22T21:27:19.334512+08:00
2026-05-30,网易知光谷,低频,false,historical,,,3,3,0,3,1.0000,,,,,,,,2026-07-22T21:27:19.334512+08:00
2026-05-31,Electrek,实时,true,historical,,,1,1,0,1,1.0000,,,,,,,,2026-07-22T21:27:19.334512+08:00
2026-05-31,Supply Chain Digital,实时,true,historical,,,1,1,0,1,1.0000,,,,,,,,2026-07-22T21:27:19.334512+08:00
2026-05-31,interesting engineering,实时,true,historical,,,8,8,0,8,1.0000,,,,,,,,2026-07-22T21:27:19.334512+08:00
2026-05-31,scitechdaily,实时,true,historical,,,9,9,0,9,1.0000,,,,,,,,2026-07-22T21:27:19.334512+08:00
2026-05-31,the information,实时,true,historical,,,4,4,0,0,0.0000,,,,,,,,2026-07-22T21:27:19.334512+08:00
2026-05-31,网易知光谷,低频,false,historical,,,2,2,0,2,1.0000,,,,,,,,2026-07-22T21:27:19.334512+08:00
2026-06-01,Ammonia Energy Association,周度,false,historical,,,4,4,0,0,0.0000,,,,,,,,2026-07-22T21:27:19.334512+08:00
2026-06-01,Battery Tech Online,实时,true,historical,,,1,1,0,1,1.0000,,,,,,,,2026-07-22T21:27:19.334512+08:00
2026-06-01,ESS News,实时,true,historical,,,4,4,0,4,1.0000,,,,,,,,2026-07-22T21:27:19.334512+08:00
2026-06-01,Electrek,实时,true,historical,,,2,2,0,2,1.0000,,,,,,,,2026-07-22T21:27:19.334512+08:00
2026-06-01,Hydrogen Tech World,周度,false,historical,,,1,1,0,0,0.0000,,,,,,,,2026-07-22T21:27:19.334512+08:00
2026-06-01,Informationsdienst Wissenschaft-idw,实时,true,historical,,,3,3,0,3,1.0000,,,,,,,,2026-07-22T21:27:19.334512+08:00
2026-06-01,MIT Technology Review,实时,true,historical,,,2,2,0,2,1.0000,,,,,,,,2026-07-22T21:27:19.334512+08:00
2026-06-01,Renewables Now,实时,true,historical,,,3,3,0,3,1.0000,,,,,,,,2026-07-22T21:27:19.334512+08:00
2026-06-01,Supply Chain Digital,实时,true,historical,,,3,3,0,3,1.0000,,,,,,,,2026-07-22T21:27:19.334512+08:00
2026-06-01,electrive,实时,true,historical,,,1,1,0,1,1.0000,,,,,,,,2026-07-22T21:27:19.334512+08:00
2026-06-01,interesting engineering,实时,true,historical,,,1,1,0,1,1.0000,,,,,,,,2026-07-22T21:27:19.334512+08:00
2026-06-01,pv magazine,实时,true,historical,,,10,10,0,10,1.0000,,,,,,,,2026-07-22T21:27:19.334512+08:00
2026-06-01,scitechdaily,实时,true,historical,,,9,9,0,9,1.0000,,,,,,,,2026-07-22T21:27:19.334512+08:00
2026-06-01,the information,实时,true,historical,,,9,9,0,0,0.0000,,,,,,,,2026-07-22T21:27:19.334512+08:00
2026-06-01,中国电力新闻网-新能源,实时,true,historical,,,2,1,1,2,1.0000,,,,,,,,2026-07-22T21:27:19.334512+08:00
2026-06-01,中国电力新闻网-科技,实时,true,historical,,,7,4,3,7,1.0000,,,,,,,,2026-07-22T21:27:19.334512+08:00
2026-06-01,新华网科技,实时,true,historical,,,7,7,0,7,1.0000,,,,,,,,2026-07-22T21:27:19.334512+08:00
2026-06-01,索比光伏,实时,true,historical,,,4,4,0,4,1.0000,,,,,,,,2026-07-22T21:27:19.334512+08:00
2026-06-01,索比光伏-综合新闻,实时,true,historical,,,8,8,0,7,0.8750,,,,,,,,2026-07-22T21:27:19.334512+08:00
2026-06-01,网易知光谷,低频,false,historical,,,3,3,0,3,1.0000,,,,,,,,2026-07-22T21:27:19.334512+08:00
2026-06-02,Ammonia Energy Association,周度,false,historical,,,1,1,0,0,0.0000,,,,,,,,2026-07-22T21:27:19.334512+08:00
2026-06-02,Battery Tech Online,实时,true,historical,,,1,1,0,1,1.0000,,,,,,,,2026-07-22T21:27:19.334512+08:00
2026-06-02,ESS News,实时,true,historical,,,6,6,0,6,1.0000,,,,,,,,2026-07-22T21:27:19.334512+08:00
2026-06-02,Electrek,实时,true,historical,,,6,6,0,6,1.0000,,,,,,,,2026-07-22T21:27:19.334512+08:00
2026-06-02,MIT Technology Review,实时,true,historical,,,3,3,0,3,1.0000,,,,,,,,2026-07-22T21:27:19.334512+08:00
2026-06-02,Renewables Now,实时,true,historical,,,3,3,0,3,1.0000,,,,,,,,2026-07-22T21:27:19.334512+08:00
2026-06-02,Supply Chain Digital,实时,true,historical,,,3,3,0,3,1.0000,,,,,,,,2026-07-22T21:27:19.334512+08:00
2026-06-02,pv magazine,实时,true,historical,,,10,10,0,10,1.0000,,,,,,,,2026-07-22T21:27:19.334512+08:00
2026-06-02,scitechdaily,实时,true,historical,,,13,13,0,13,1.0000,,,,,,,,2026-07-22T21:27:19.334512+08:00
2026-06-02,the information,实时,true,historical,,,9,9,0,0,0.0000,,,,,,,,2026-07-22T21:27:19.334512+08:00
2026-06-02,中国电力新闻网-新能源,实时,true,historical,,,4,2,2,4,1.0000,,,,,,,,2026-07-22T21:27:19.334512+08:00
2026-06-02,中国电力新闻网-科技,实时,true,historical,,,4,2,2,4,1.0000,,,,,,,,2026-07-22T21:27:19.334512+08:00
2026-06-02,新华网科技,实时,true,historical,,,12,12,0,12,1.0000,,,,,,,,2026-07-22T21:27:19.334512+08:00
2026-06-02,索比光伏-综合新闻,实时,true,historical,,,3,3,0,3,1.0000,,,,,,,,2026-07-22T21:27:19.334512+08:00
2026-06-02,网易知光谷,低频,false,historical,,,3,3,0,3,1.0000,,,,,,,,2026-07-22T21:27:19.334512+08:00
2026-06-03,Batteries International,实时（新闻资讯）+季度（新闻整合）,false,historical,,,9,9,0,9,1.0000,,,,,,,,2026-07-22T21:27:19.334512+08:00
2026-06-03,Battery Tech Online,实时,true,historical,,,2,2,0,2,1.0000,,,,,,,,2026-07-22T21:27:19.334512+08:00
2026-06-03,ESS News,实时,true,historical,,,7,7,0,7,1.0000,,,,,,,,2026-07-22T21:27:19.334512+08:00
2026-06-03,Electrek,实时,true,historical,,,4,4,0,4,1.0000,,,,,,,,2026-07-22T21:27:19.334512+08:00
2026-06-03,Hydrogen Tech World,周度,false,historical,,,1,1,0,0,0.0000,,,,,,,,2026-07-22T21:27:19.334512+08:00
2026-06-03,Informationsdienst Wissenschaft-idw,实时,true,historical,,,1,1,0,1,1.0000,,,,,,,,2026-07-22T21:27:19.334512+08:00
2026-06-03,MIT Technology Review,实时,true,historical,,,1,1,0,1,1.0000,,,,,,,,2026-07-22T21:27:19.334512+08:00
2026-06-03,Renewables Now,实时,true,historical,,,2,2,0,2,1.0000,,,,,,,,2026-07-22T21:27:19.334512+08:00
2026-06-03,Supply Chain Digital,实时,true,historical,,,1,1,0,1,1.0000,,,,,,,,2026-07-22T21:27:19.334512+08:00
2026-06-03,electrive,实时,true,historical,,,1,1,0,1,1.0000,,,,,,,,2026-07-22T21:27:19.334512+08:00
2026-06-03,pv magazine,实时,true,historical,,,10,10,0,10,1.0000,,,,,,,,2026-07-22T21:27:19.334512+08:00
2026-06-03,scitechdaily,实时,true,historical,,,9,9,0,9,1.0000,,,,,,,,2026-07-22T21:27:19.334512+08:00
2026-06-03,the information,实时,true,historical,,,11,11,0,0,0.0000,,,,,,,,2026-07-22T21:27:19.334512+08:00
2026-06-03,中国电力新闻网-新能源,实时,true,historical,,,2,1,1,2,1.0000,,,,,,,,2026-07-22T21:27:19.334512+08:00
2026-06-03,中国电力新闻网-科技,实时,true,historical,,,2,1,1,2,1.0000,,,,,,,,2026-07-22T21:27:19.334512+08:00
2026-06-03,新华网科技,实时,true,historical,,,4,4,0,4,1.0000,,,,,,,,2026-07-22T21:27:19.334512+08:00
2026-06-03,索比光伏-综合新闻,实时,true,historical,,,3,3,0,3,1.0000,,,,,,,,2026-07-22T21:27:19.334512+08:00
2026-06-03,网易知光谷,低频,false,historical,,,3,3,0,3,1.0000,,,,,,,,2026-07-22T21:27:19.334512+08:00
2026-06-04,Batteries International,实时（新闻资讯）+季度（新闻整合）,false,historical,,,3,3,0,3,1.0000,,,,,,,,2026-07-22T21:27:19.334512+08:00
2026-06-04,Battery Tech Online,实时,true,historical,,,3,3,0,3,1.0000,,,,,,,,2026-07-22T21:27:19.334512+08:00
2026-06-04,ESS News,实时,true,historical,,,9,9,0,9,1.0000,,,,,,,,2026-07-22T21:27:19.334512+08:00
2026-06-04,Electrek,实时,true,historical,,,6,6,0,6,1.0000,,,,,,,,2026-07-22T21:27:19.334512+08:00
2026-06-04,Informationsdienst Wissenschaft-idw,实时,true,historical,,,3,3,0,3,1.0000,,,,,,,,2026-07-22T21:27:19.334512+08:00
2026-06-04,MIT Technology Review,实时,true,historical,,,2,2,0,2,1.0000,,,,,,,,2026-07-22T21:27:19.334512+08:00
2026-06-04,Renewables Now,实时,true,historical,,,2,2,0,2,1.0000,,,,,,,,2026-07-22T21:27:19.334512+08:00
2026-06-04,Supply Chain Digital,实时,true,historical,,,3,3,0,3,1.0000,,,,,,,,2026-07-22T21:27:19.334512+08:00
2026-06-04,electrive,实时,true,historical,,,2,2,0,2,1.0000,,,,,,,,2026-07-22T21:27:19.334512+08:00
2026-06-04,pv magazine,实时,true,historical,,,10,10,0,10,1.0000,,,,,,,,2026-07-22T21:27:19.334512+08:00
2026-06-04,scitechdaily,实时,true,historical,,,12,12,0,12,1.0000,,,,,,,,2026-07-22T21:27:19.334512+08:00
2026-06-04,the information,实时,true,historical,,,14,14,0,0,0.0000,,,,,,,,2026-07-22T21:27:19.334512+08:00
2026-06-04,中国电力新闻网-新能源,实时,true,historical,,,6,3,3,6,1.0000,,,,,,,,2026-07-22T21:27:19.334512+08:00
2026-06-04,中国电力新闻网-科技,实时,true,historical,,,2,1,1,2,1.0000,,,,,,,,2026-07-22T21:27:19.334512+08:00
2026-06-04,索比光伏-综合新闻,实时,true,historical,,,3,3,0,3,1.0000,,,,,,,,2026-07-22T21:27:19.334512+08:00
2026-06-04,网易知光谷,低频,false,historical,,,3,3,0,3,1.0000,,,,,,,,2026-07-22T21:27:19.334512+08:00
2026-06-05,Batteries International,实时（新闻资讯）+季度（新闻整合）,false,historical,,,1,1,0,1,1.0000,,,,,,,,2026-07-22T21:27:19.334512+08:00
2026-06-05,Battery Tech Online,实时,true,historical,,,1,1,0,1,1.0000,,,,,,,,2026-07-22T21:27:19.334512+08:00
2026-06-05,ESS News,实时,true,historical,,,5,5,0,5,1.0000,,,,,,,,2026-07-22T21:27:19.334512+08:00
2026-06-05,Electrek,实时,true,historical,,,5,5,0,5,1.0000,,,,,,,,2026-07-22T21:27:19.334512+08:00
2026-06-05,MIT Technology Review,实时,true,historical,,,3,3,0,3,1.0000,,,,,,,,2026-07-22T21:27:19.334512+08:00
2026-06-05,Renewables Now,实时,true,historical,,,3,3,0,3,1.0000,,,,,,,,2026-07-22T21:27:19.334512+08:00
2026-06-05,Supply Chain Digital,实时,true,historical,,,3,3,0,3,1.0000,,,,,,,,2026-07-22T21:27:19.334512+08:00
2026-06-05,electrive,实时,true,historical,,,3,3,0,3,1.0000,,,,,,,,2026-07-22T21:27:19.334512+08:00
2026-06-05,interesting engineering,实时,true,historical,,,2,2,0,2,1.0000,,,,,,,,2026-07-22T21:27:19.334512+08:00
2026-06-05,pv magazine,实时,true,historical,,,10,10,0,10,1.0000,,,,,,,,2026-07-22T21:27:19.334512+08:00
2026-06-05,scitechdaily,实时,true,historical,,,12,12,0,12,1.0000,,,,,,,,2026-07-22T21:27:19.334512+08:00
2026-06-05,the information,实时,true,historical,,,16,16,0,0,0.0000,,,,,,,,2026-07-22T21:27:19.334512+08:00
2026-06-05,新华网科技,实时,true,historical,,,6,6,0,6,1.0000,,,,,,,,2026-07-22T21:27:19.334512+08:00
2026-06-05,索比光伏-综合新闻,实时,true,historical,,,2,2,0,2,1.0000,,,,,,,,2026-07-22T21:27:19.334512+08:00
2026-06-05,网易知光谷,低频,false,historical,,,3,3,0,3,1.0000,,,,,,,,2026-07-22T21:27:19.334512+08:00
2026-06-06,Electrek,实时,true,historical,,,2,2,0,2,1.0000,,,,,,,,2026-07-22T21:27:19.334512+08:00
2026-06-06,Supply Chain Digital,实时,true,historical,,,2,2,0,2,1.0000,,,,,,,,2026-07-22T21:27:19.334512+08:00
2026-06-06,interesting engineering,实时,true,historical,,,8,8,0,8,1.0000,,,,,,,,2026-07-22T21:27:19.334512+08:00
2026-06-06,pv magazine,实时,true,historical,,,2,2,0,2,1.0000,,,,,,,,2026-07-22T21:27:19.334512+08:00
2026-06-06,scitechdaily,实时,true,historical,,,8,8,0,8,1.0000,,,,,,,,2026-07-22T21:27:19.334512+08:00
2026-06-06,the information,实时,true,historical,,,9,9,0,0,0.0000,,,,,,,,2026-07-22T21:27:19.334512+08:00
2026-06-06,网易知光谷,低频,false,historical,,,2,2,0,2,1.0000,,,,,,,,2026-07-22T21:27:19.334512+08:00
2026-06-07,Electrek,实时,true,historical,,,1,1,0,1,1.0000,,,,,,,,2026-07-22T21:27:19.334512+08:00
2026-06-07,Supply Chain Digital,实时,true,historical,,,1,1,0,1,1.0000,,,,,,,,2026-07-22T21:27:19.334512+08:00
2026-06-07,interesting engineering,实时,true,historical,,,7,7,0,7,1.0000,,,,,,,,2026-07-22T21:27:19.334512+08:00
2026-06-07,scitechdaily,实时,true,historical,,,10,10,0,10,1.0000,,,,,,,,2026-07-22T21:27:19.334512+08:00
2026-06-07,the information,实时,true,historical,,,2,2,0,0,0.0000,,,,,,,,2026-07-22T21:27:19.334512+08:00
2026-06-07,网易知光谷,低频,false,historical,,,2,2,0,2,1.0000,,,,,,,,2026-07-22T21:27:19.334512+08:00
2026-06-08,ESS News,实时,true,historical,,,2,2,0,2,1.0000,,,,,,,,2026-07-22T21:27:19.334512+08:00
2026-06-08,Electrek,实时,true,historical,,,4,4,0,4,1.0000,,,,,,,,2026-07-22T21:27:19.334512+08:00
2026-06-08,MIT Technology Review,实时,true,historical,,,2,2,0,2,1.0000,,,,,,,,2026-07-22T21:27:19.334512+08:00
2026-06-08,Renewables Now,实时,true,historical,,,4,4,0,4,1.0000,,,,,,,,2026-07-22T21:27:19.334512+08:00
2026-06-08,Supply Chain Digital,实时,true,historical,,,4,4,0,4,1.0000,,,,,,,,2026-07-22T21:27:19.334512+08:00
2026-06-08,pv magazine,实时,true,historical,,,10,10,0,10,1.0000,,,,,,,,2026-07-22T21:27:19.334512+08:00
2026-06-08,scitechdaily,实时,true,historical,,,7,7,0,7,1.0000,,,,,,,,2026-07-22T21:27:19.334512+08:00
2026-06-08,the information,实时,true,historical,,,9,9,0,0,0.0000,,,,,,,,2026-07-22T21:27:19.334512+08:00
2026-06-08,中国电力新闻网-新能源,实时,true,historical,,,4,2,2,4,1.0000,,,,,,,,2026-07-22T21:27:19.334512+08:00
2026-06-08,中国电力新闻网-科技,实时,true,historical,,,6,3,3,6,1.0000,,,,,,,,2026-07-22T21:27:19.334512+08:00
2026-06-08,新华网科技,实时,true,historical,,,8,8,0,8,1.0000,,,,,,,,2026-07-22T21:27:19.334512+08:00
2026-06-08,索比光伏-综合新闻,实时,true,historical,,,5,5,0,4,0.8000,,,,,,,,2026-07-22T21:27:19.334512+08:00
2026-06-08,网易知光谷,低频,false,historical,,,3,3,0,3,1.0000,,,,,,,,2026-07-22T21:27:19.334512+08:00
2026-06-09,Batteries International,实时（新闻资讯）+季度（新闻整合）,false,historical,,,1,1,0,1,1.0000,,,,,,,,2026-07-22T21:27:19.334512+08:00
2026-06-09,ESS News,实时,true,historical,,,7,7,0,7,1.0000,,,,,,,,2026-07-22T21:27:19.334512+08:00
2026-06-09,Electrek,实时,true,historical,,,9,9,0,9,1.0000,,,,,,,,2026-07-22T21:27:19.334512+08:00
2026-06-09,Hydrogen Tech World,周度,false,historical,,,3,3,0,0,0.0000,,,,,,,,2026-07-22T21:27:19.334512+08:00
2026-06-09,IT之家,实时,true,historical,,,20,20,0,18,0.9000,,,,,,,,2026-07-22T21:27:19.334512+08:00
2026-06-09,Informationsdienst Wissenschaft-idw,实时,true,historical,,,3,3,0,3,1.0000,,,,,,,,2026-07-22T21:27:19.334512+08:00
2026-06-09,MIT Technology Review,实时,true,historical,,,4,4,0,4,1.0000,,,,,,,,2026-07-22T21:27:19.334512+08:00
2026-06-09,Renewables Now,实时,true,historical,,,3,3,0,3,1.0000,,,,,,,,2026-07-22T21:27:19.334512+08:00
2026-06-09,Supply Chain Digital,实时,true,historical,,,6,6,0,6,1.0000,,,,,,,,2026-07-22T21:27:19.334512+08:00
2026-06-09,electrive,实时,true,historical,,,1,1,0,1,1.0000,,,,,,,,2026-07-22T21:27:19.334512+08:00
2026-06-09,pv magazine,实时,true,historical,,,10,10,0,10,1.0000,,,,,,,,2026-07-22T21:27:19.334512+08:00
2026-06-09,scitechdaily,实时,true,historical,,,10,10,0,10,1.0000,,,,,,,,2026-07-22T21:27:19.334512+08:00
2026-06-09,the information,实时,true,historical,,,8,8,0,0,0.0000,,,,,,,,2026-07-22T21:27:19.334512+08:00
2026-06-09,中国电力新闻网-科技,实时,true,historical,,,2,1,1,2,1.0000,,,,,,,,2026-07-22T21:27:19.334512+08:00
2026-06-09,新华网科技,实时,true,historical,,,7,7,0,7,1.0000,,,,,,,,2026-07-22T21:27:19.334512+08:00
2026-06-09,索比光伏,实时,true,historical,,,1,1,0,1,1.0000,,,,,,,,2026-07-22T21:27:19.334512+08:00
2026-06-09,索比光伏-综合新闻,实时,true,historical,,,7,7,0,5,0.7143,,,,,,,,2026-07-22T21:27:19.334512+08:00
2026-06-10,Ammonia Energy Association,周度,false,historical,,,2,2,0,0,0.0000,,,,,,,,2026-07-22T21:27:19.334512+08:00
2026-06-10,Battery Tech Online,实时,true,historical,,,2,2,0,2,1.0000,,,,,,,,2026-07-22T21:27:19.334512+08:00
2026-06-10,ESS News,实时,true,historical,,,5,5,0,5,1.0000,,,,,,,,2026-07-22T21:27:19.334512+08:00
2026-06-10,Electrek,实时,true,historical,,,4,4,0,4,1.0000,,,,,,,,2026-07-22T21:27:19.334512+08:00
2026-06-10,Hydrogen Tech World,周度,false,historical,,,2,2,0,0,0.0000,,,,,,,,2026-07-22T21:27:19.334512+08:00
2026-06-10,IT之家,实时,true,historical,,,15,15,0,15,1.0000,,,,,,,,2026-07-22T21:27:19.334512+08:00
2026-06-10,Informationsdienst Wissenschaft-idw,实时,true,historical,,,3,3,0,3,1.0000,,,,,,,,2026-07-22T21:27:19.334512+08:00
2026-06-10,MIT Technology Review,实时,true,historical,,,2,2,0,2,1.0000,,,,,,,,2026-07-22T21:27:19.334512+08:00
2026-06-10,Renewables Now,实时,true,historical,,,2,2,0,2,1.0000,,,,,,,,2026-07-22T21:27:19.334512+08:00
2026-06-10,Supply Chain Digital,实时,true,historical,,,2,2,0,2,1.0000,,,,,,,,2026-07-22T21:27:19.334512+08:00
2026-06-10,electrive,实时,true,historical,,,2,2,0,2,1.0000,,,,,,,,2026-07-22T21:27:19.334512+08:00
2026-06-10,pv magazine,实时,true,historical,,,10,10,0,10,1.0000,,,,,,,,2026-07-22T21:27:19.334512+08:00
2026-06-10,scitechdaily,实时,true,historical,,,8,8,0,8,1.0000,,,,,,,,2026-07-22T21:27:19.334512+08:00
2026-06-10,the information,实时,true,historical,,,10,10,0,0,0.0000,,,,,,,,2026-07-22T21:27:19.334512+08:00
2026-06-10,中国电力新闻网-新能源,实时,true,historical,,,4,2,2,4,1.0000,,,,,,,,2026-07-22T21:27:19.334512+08:00
2026-06-10,中国电力新闻网-科技,实时,true,historical,,,2,1,1,2,1.0000,,,,,,,,2026-07-22T21:27:19.334512+08:00
2026-06-10,新华网科技,实时,true,historical,,,10,10,0,10,1.0000,,,,,,,,2026-07-22T21:27:19.334512+08:00
2026-06-10,索比光伏,实时,true,historical,,,1,1,0,1,1.0000,,,,,,,,2026-07-22T21:27:19.334512+08:00
2026-06-10,索比光伏-综合新闻,实时,true,historical,,,6,6,0,3,0.5000,,,,,,,,2026-07-22T21:27:19.334512+08:00
2026-06-11,Batteries International,实时（新闻资讯）+季度（新闻整合）,false,historical,,,9,9,0,9,1.0000,,,,,,,,2026-07-22T21:27:19.334512+08:00
2026-06-11,Battery Tech Online,实时,true,historical,,,2,2,0,2,1.0000,,,,,,,,2026-07-22T21:27:19.334512+08:00
2026-06-11,ESS News,实时,true,historical,,,9,9,0,9,1.0000,,,,,,,,2026-07-22T21:27:19.334512+08:00
2026-06-11,Electrek,实时,true,historical,,,5,5,0,5,1.0000,,,,,,,,2026-07-22T21:27:19.334512+08:00
2026-06-11,Hydrogen Tech World,周度,false,historical,,,1,1,0,0,0.0000,,,,,,,,2026-07-22T21:27:19.334512+08:00
2026-06-11,IT之家,实时,true,historical,,,17,17,0,17,1.0000,,,,,,,,2026-07-22T21:27:19.334512+08:00
2026-06-11,MIT Technology Review,实时,true,historical,,,5,5,0,5,1.0000,,,,,,,,2026-07-22T21:27:19.334512+08:00
2026-06-11,Renewables Now,实时,true,historical,,,2,2,0,2,1.0000,,,,,,,,2026-07-22T21:27:19.334512+08:00
2026-06-11,Supply Chain Digital,实时,true,historical,,,7,7,0,7,1.0000,,,,,,,,2026-07-22T21:27:19.334512+08:00
2026-06-11,electrive,实时,true,historical,,,1,1,0,1,1.0000,,,,,,,,2026-07-22T21:27:19.334512+08:00
2026-06-11,pv magazine,实时,true,historical,,,10,10,0,10,1.0000,,,,,,,,2026-07-22T21:27:19.334512+08:00
2026-06-11,scitechdaily,实时,true,historical,,,6,6,0,6,1.0000,,,,,,,,2026-07-22T21:27:19.334512+08:00
2026-06-11,the information,实时,true,historical,,,10,10,0,0,0.0000,,,,,,,,2026-07-22T21:27:19.334512+08:00
2026-06-11,中国电力新闻网-科技,实时,true,historical,,,2,1,1,2,1.0000,,,,,,,,2026-07-22T21:27:19.334512+08:00
2026-06-11,新华网科技,实时,true,historical,,,2,2,0,2,1.0000,,,,,,,,2026-07-22T21:27:19.334512+08:00
2026-06-11,索比光伏,实时,true,historical,,,1,1,0,1,1.0000,,,,,,,,2026-07-22T21:27:19.334512+08:00
2026-06-11,索比光伏-综合新闻,实时,true,historical,,,7,7,0,7,1.0000,,,,,,,,2026-07-22T21:27:19.334512+08:00
2026-06-12,ESS News,实时,true,historical,,,4,4,0,4,1.0000,,,,,,,,2026-07-22T21:27:19.334512+08:00
2026-06-12,Electrek,实时,true,historical,,,3,3,0,3,1.0000,,,,,,,,2026-07-22T21:27:19.334512+08:00
2026-06-12,Hydrogen Tech World,周度,false,historical,,,1,1,0,0,0.0000,,,,,,,,2026-07-22T21:27:19.334512+08:00
2026-06-12,IT之家,实时,true,historical,,,20,20,0,20,1.0000,,,,,,,,2026-07-22T21:27:19.334512+08:00
2026-06-12,MIT Technology Review,实时,true,historical,,,4,4,0,4,1.0000,,,,,,,,2026-07-22T21:27:19.334512+08:00
2026-06-12,Renewables Now,实时,true,historical,,,3,3,0,3,1.0000,,,,,,,,2026-07-22T21:27:19.334512+08:00
2026-06-12,Supply Chain Digital,实时,true,historical,,,5,5,0,5,1.0000,,,,,,,,2026-07-22T21:27:19.334512+08:00
2026-06-12,electrive,实时,true,historical,,,3,3,0,3,1.0000,,,,,,,,2026-07-22T21:27:19.334512+08:00
2026-06-12,interesting engineering,实时,true,historical,,,3,3,0,3,1.0000,,,,,,,,2026-07-22T21:27:19.334512+08:00
2026-06-12,pv magazine,实时,true,historical,,,10,10,0,10,1.0000,,,,,,,,2026-07-22T21:27:19.334512+08:00
2026-06-12,scitechdaily,实时,true,historical,,,13,13,0,13,1.0000,,,,,,,,2026-07-22T21:27:19.334512+08:00
2026-06-12,the information,实时,true,historical,,,11,11,0,0,0.0000,,,,,,,,2026-07-22T21:27:19.334512+08:00
2026-06-12,中国电力新闻网-新能源,实时,true,historical,,,4,2,2,4,1.0000,,,,,,,,2026-07-22T21:27:19.334512+08:00
2026-06-12,中国电力新闻网-科技,实时,true,historical,,,2,1,1,2,1.0000,,,,,,,,2026-07-22T21:27:19.334512+08:00
2026-06-12,新华网科技,实时,true,historical,,,6,6,0,6,1.0000,,,,,,,,2026-07-22T21:27:19.334512+08:00
2026-06-12,索比光伏,实时,true,historical,,,3,3,0,3,1.0000,,,,,,,,2026-07-22T21:27:19.334512+08:00
2026-06-12,索比光伏-综合新闻,实时,true,historical,,,9,9,0,8,0.8889,,,,,,,,2026-07-22T21:27:19.334512+08:00
2026-06-13,Batteries International,实时（新闻资讯）+季度（新闻整合）,false,historical,,,1,1,0,1,1.0000,,,,,,,,2026-07-22T21:27:19.334512+08:00
2026-06-13,Battery Tech Online,实时,true,historical,,,1,1,0,1,1.0000,,,,,,,,2026-07-22T21:27:19.334512+08:00
2026-06-13,Electrek,实时,true,historical,,,4,4,0,4,1.0000,,,,,,,,2026-07-22T21:27:19.334512+08:00
2026-06-13,IT之家,实时,true,historical,,,20,20,0,19,0.9500,,,,,,,,2026-07-22T21:27:19.334512+08:00
2026-06-13,Supply Chain Digital,实时,true,historical,,,2,2,0,2,1.0000,,,,,,,,2026-07-22T21:27:19.334512+08:00
2026-06-13,interesting engineering,实时,true,historical,,,7,7,0,7,1.0000,,,,,,,,2026-07-22T21:27:19.334512+08:00
2026-06-13,scitechdaily,实时,true,historical,,,12,12,0,12,1.0000,,,,,,,,2026-07-22T21:27:19.334512+08:00
2026-06-13,the information,实时,true,historical,,,12,12,0,0,0.0000,,,,,,,,2026-07-22T21:27:19.334512+08:00
2026-06-14,IT之家,实时,true,historical,,,20,20,0,19,0.9500,,,,,,,,2026-07-22T21:27:19.334512+08:00
2026-06-14,Supply Chain Digital,实时,true,historical,,,1,1,0,1,1.0000,,,,,,,,2026-07-22T21:27:19.334512+08:00
2026-06-14,interesting engineering,实时,true,historical,,,7,7,0,7,1.0000,,,,,,,,2026-07-22T21:27:19.334512+08:00
2026-06-14,scitechdaily,实时,true,historical,,,10,10,0,10,1.0000,,,,,,,,2026-07-22T21:27:19.334512+08:00
2026-06-14,the information,实时,true,historical,,,3,3,0,0,0.0000,,,,,,,,2026-07-22T21:27:19.334512+08:00
2026-06-15,ESS News,实时,true,historical,,,3,3,0,3,1.0000,,,,,,,,2026-07-22T21:27:19.334512+08:00
2026-06-15,Electrek,实时,true,historical,,,3,3,0,3,1.0000,,,,,,,,2026-07-22T21:27:19.334512+08:00
2026-06-15,IT之家,实时,true,historical,,,4,4,0,4,1.0000,,,,,,,,2026-07-22T21:27:19.334512+08:00
2026-06-15,Informationsdienst Wissenschaft-idw,实时,true,historical,,,2,2,0,2,1.0000,,,,,,,,2026-07-22T21:27:19.334512+08:00
2026-06-15,MIT Technology Review,实时,true,historical,,,3,3,0,3,1.0000,,,,,,,,2026-07-22T21:27:19.334512+08:00
2026-06-15,Renewables Now,实时,true,historical,,,3,3,0,3,1.0000,,,,,,,,2026-07-22T21:27:19.334512+08:00
2026-06-15,Supply Chain Digital,实时,true,historical,,,3,3,0,3,1.0000,,,,,,,,2026-07-22T21:27:19.334512+08:00
2026-06-15,electrive,实时,true,historical,,,1,1,0,1,1.0000,,,,,,,,2026-07-22T21:27:19.334512+08:00
2026-06-15,pv magazine,实时,true,historical,,,10,10,0,10,1.0000,,,,,,,,2026-07-22T21:27:19.334512+08:00
2026-06-15,scitechdaily,实时,true,historical,,,9,9,0,9,1.0000,,,,,,,,2026-07-22T21:27:19.334512+08:00
2026-06-15,the information,实时,true,historical,,,9,9,0,0,0.0000,,,,,,,,2026-07-22T21:27:19.334512+08:00
2026-06-15,中国电力新闻网-新能源,实时,true,historical,,,4,2,2,4,1.0000,,,,,,,,2026-07-22T21:27:19.334512+08:00
2026-06-15,新华网科技,实时,true,historical,,,12,12,0,12,1.0000,,,,,,,,2026-07-22T21:27:19.334512+08:00
2026-06-15,索比光伏-综合新闻,实时,true,historical,,,10,10,0,8,0.8000,,,,,,,,2026-07-22T21:27:19.334512+08:00
2026-06-16,Batteries International,实时（新闻资讯）+季度（新闻整合）,false,historical,,,1,1,0,1,1.0000,,,,,,,,2026-07-22T21:27:19.334512+08:00
2026-06-16,Battery Tech Online,实时,true,historical,,,1,1,0,1,1.0000,,,,,,,,2026-07-22T21:27:19.334512+08:00
2026-06-16,BloombergNEF Press,月度,false,historical,,,1,1,0,1,1.0000,,,,,,,,2026-07-22T21:27:19.334512+08:00
2026-06-16,ESS News,实时,true,historical,,,4,4,0,4,1.0000,,,,,,,,2026-07-22T21:27:19.334512+08:00
2026-06-16,Electrek,实时,true,historical,,,6,6,0,6,1.0000,,,,,,,,2026-07-22T21:27:19.334512+08:00
2026-06-16,Hydrogen Tech World,周度,false,historical,,,1,1,0,0,0.0000,,,,,,,,2026-07-22T21:27:19.334512+08:00
2026-06-16,IT之家,实时,true,historical,,,12,12,0,11,0.9167,,,,,,,,2026-07-22T21:27:19.334512+08:00
2026-06-16,Informationsdienst Wissenschaft-idw,实时,true,historical,,,2,2,0,2,1.0000,,,,,,,,2026-07-22T21:27:19.334512+08:00
2026-06-16,MIT Technology Review,实时,true,historical,,,2,2,0,2,1.0000,,,,,,,,2026-07-22T21:27:19.334512+08:00
2026-06-16,Renewables Now,实时,true,historical,,,3,3,0,3,1.0000,,,,,,,,2026-07-22T21:27:19.334512+08:00
2026-06-16,Supply Chain Digital,实时,true,historical,,,3,3,0,3,1.0000,,,,,,,,2026-07-22T21:27:19.334512+08:00
2026-06-16,electrive,实时,true,historical,,,1,1,0,1,1.0000,,,,,,,,2026-07-22T21:27:19.334512+08:00
2026-06-16,interesting engineering,实时,true,historical,,,2,2,0,2,1.0000,,,,,,,,2026-07-22T21:27:19.334512+08:00
2026-06-16,pv magazine,实时,true,historical,,,10,10,0,10,1.0000,,,,,,,,2026-07-22T21:27:19.334512+08:00
2026-06-16,scitechdaily,实时,true,historical,,,6,6,0,6,1.0000,,,,,,,,2026-07-22T21:27:19.334512+08:00
2026-06-16,the information,实时,true,historical,,,13,13,0,0,0.0000,,,,,,,,2026-07-22T21:27:19.334512+08:00
2026-06-16,中国电力新闻网-科技,实时,true,historical,,,4,2,2,4,1.0000,,,,,,,,2026-07-22T21:27:19.334512+08:00
2026-06-16,新华网科技,实时,true,historical,,,5,5,0,5,1.0000,,,,,,,,2026-07-22T21:27:19.334512+08:00
2026-06-16,索比光伏,实时,true,historical,,,2,2,0,2,1.0000,,,,,,,,2026-07-22T21:27:19.334512+08:00
2026-06-16,索比光伏-综合新闻,实时,true,historical,,,6,6,0,6,1.0000,,,,,,,,2026-07-22T21:27:19.334512+08:00
2026-06-17,Battery Tech Online,实时,true,historical,,,2,2,0,2,1.0000,,,,,,,,2026-07-22T21:27:19.334512+08:00
2026-06-17,ESS News,实时,true,historical,,,5,5,0,5,1.0000,,,,,,,,2026-07-22T21:27:19.334512+08:00
2026-06-17,Electrek,实时,true,historical,,,9,9,0,9,1.0000,,,,,,,,2026-07-22T21:27:19.334512+08:00
2026-06-17,Hydrogen Tech World,周度,false,historical,,,2,2,0,0,0.0000,,,,,,,,2026-07-22T21:27:19.334512+08:00
2026-06-17,IT之家,实时,true,historical,,,20,20,0,20,1.0000,,,,,,,,2026-07-22T21:27:19.334512+08:00
2026-06-17,Informationsdienst Wissenschaft-idw,实时,true,historical,,,4,4,0,4,1.0000,,,,,,,,2026-07-22T21:27:19.334512+08:00
2026-06-17,MIT Technology Review,实时,true,historical,,,3,3,0,3,1.0000,,,,,,,,2026-07-22T21:27:19.334512+08:00
2026-06-17,Renewables Now,实时,true,historical,,,3,3,0,3,1.0000,,,,,,,,2026-07-22T21:27:19.334512+08:00
2026-06-17,Supply Chain Digital,实时,true,historical,,,1,1,0,1,1.0000,,,,,,,,2026-07-22T21:27:19.334512+08:00
2026-06-17,electrive,实时,true,historical,,,1,1,0,1,1.0000,,,,,,,,2026-07-22T21:27:19.334512+08:00
2026-06-17,interesting engineering,实时,true,historical,,,4,4,0,4,1.0000,,,,,,,,2026-07-22T21:27:19.334512+08:00
2026-06-17,pv magazine,实时,true,historical,,,10,10,0,10,1.0000,,,,,,,,2026-07-22T21:27:19.334512+08:00
2026-06-17,scitechdaily,实时,true,historical,,,12,12,0,12,1.0000,,,,,,,,2026-07-22T21:27:19.334512+08:00
2026-06-17,the information,实时,true,historical,,,11,11,0,0,0.0000,,,,,,,,2026-07-22T21:27:19.334512+08:00
2026-06-17,中国电力新闻网-新能源,实时,true,historical,,,4,2,2,4,1.0000,,,,,,,,2026-07-22T21:27:19.334512+08:00
2026-06-17,中国电力新闻网-科技,实时,true,historical,,,5,3,2,5,1.0000,,,,,,,,2026-07-22T21:27:19.334512+08:00
2026-06-17,新华网科技,实时,true,historical,,,11,11,0,11,1.0000,,,,,,,,2026-07-22T21:27:19.334512+08:00
2026-06-17,索比光伏-综合新闻,实时,true,historical,,,6,6,0,4,0.6667,,,,,,,,2026-07-22T21:27:19.334512+08:00
2026-06-18,ESS News,实时,true,historical,,,3,3,0,3,1.0000,,,,,,,,2026-07-22T21:27:19.334512+08:00
2026-06-18,Electrek,实时,true,historical,,,6,6,0,6,1.0000,,,,,,,,2026-07-22T21:27:19.334512+08:00
2026-06-18,IT之家,实时,true,historical,,,17,17,0,17,1.0000,,,,,,,,2026-07-22T21:27:19.334512+08:00
2026-06-18,Informationsdienst Wissenschaft-idw,实时,true,historical,,,2,2,0,2,1.0000,,,,,,,,2026-07-22T21:27:19.334512+08:00
2026-06-18,MIT Technology Review,实时,true,historical,,,3,3,0,3,1.0000,,,,,,,,2026-07-22T21:27:19.334512+08:00
2026-06-18,Renewables Now,实时,true,historical,,,2,2,0,2,1.0000,,,,,,,,2026-07-22T21:27:19.334512+08:00
2026-06-18,Supply Chain Digital,实时,true,historical,,,2,2,0,2,1.0000,,,,,,,,2026-07-22T21:27:19.334512+08:00
2026-06-18,electrive,实时,true,historical,,,3,3,0,3,1.0000,,,,,,,,2026-07-22T21:27:19.334512+08:00
2026-06-18,interesting engineering,实时,true,historical,,,1,1,0,1,1.0000,,,,,,,,2026-07-22T21:27:19.334512+08:00
2026-06-18,pv magazine,实时,true,historical,,,10,10,0,10,1.0000,,,,,,,,2026-07-22T21:27:19.334512+08:00
2026-06-18,scitechdaily,实时,true,historical,,,11,11,0,11,1.0000,,,,,,,,2026-07-22T21:27:19.334512+08:00
2026-06-18,the information,实时,true,historical,,,11,11,0,0,0.0000,,,,,,,,2026-07-22T21:27:19.334512+08:00
2026-06-18,新华网科技,实时,true,historical,,,7,7,0,7,1.0000,,,,,,,,2026-07-22T21:27:19.334512+08:00
2026-06-18,索比光伏,实时,true,historical,,,4,4,0,4,1.0000,,,,,,,,2026-07-22T21:27:19.334512+08:00
2026-06-18,索比光伏-综合新闻,实时,true,historical,,,6,6,0,6,1.0000,,,,,,,,2026-07-22T21:27:19.334512+08:00
2026-06-19,Battery Tech Online,实时,true,historical,,,1,1,0,1,1.0000,,,,,,,,2026-07-22T21:27:19.334512+08:00
2026-06-19,ESS News,实时,true,historical,,,3,3,0,3,1.0000,,,,,,,,2026-07-22T21:27:19.334512+08:00
2026-06-19,Electrek,实时,true,historical,,,6,6,0,6,1.0000,,,,,,,,2026-07-22T21:27:19.334512+08:00
2026-06-19,Hydrogen Tech World,周度,false,historical,,,1,1,0,0,0.0000,,,,,,,,2026-07-22T21:27:19.334512+08:00
2026-06-19,IT之家,实时,true,historical,,,20,20,0,20,1.0000,,,,,,,,2026-07-22T21:27:19.334512+08:00
2026-06-19,Informationsdienst Wissenschaft-idw,实时,true,historical,,,1,1,0,1,1.0000,,,,,,,,2026-07-22T21:27:19.334512+08:00
2026-06-19,MIT Technology Review,实时,true,historical,,,4,4,0,4,1.0000,,,,,,,,2026-07-22T21:27:19.334512+08:00
2026-06-19,Renewables Now,实时,true,historical,,,2,2,0,2,1.0000,,,,,,,,2026-07-22T21:27:19.334512+08:00
2026-06-19,Supply Chain Digital,实时,true,historical,,,2,2,0,2,1.0000,,,,,,,,2026-07-22T21:27:19.334512+08:00
2026-06-19,electrive,实时,true,historical,,,1,1,0,1,1.0000,,,,,,,,2026-07-22T21:27:19.334512+08:00
2026-06-19,interesting engineering,实时,true,historical,,,6,6,0,6,1.0000,,,,,,,,2026-07-22T21:27:19.334512+08:00
2026-06-19,pv magazine,实时,true,historical,,,10,10,0,10,1.0000,,,,,,,,2026-07-22T21:27:19.334512+08:00
2026-06-19,scitechdaily,实时,true,historical,,,12,12,0,12,1.0000,,,,,,,,2026-07-22T21:27:19.334512+08:00
2026-06-19,the information,实时,true,historical,,,10,10,0,0,0.0000,,,,,,,,2026-07-22T21:27:19.334512+08:00
2026-06-20,Batteries International,实时（新闻资讯）+季度（新闻整合）,false,historical,,,9,9,0,9,1.0000,,,,,,,,2026-07-22T21:27:19.334512+08:00
2026-06-20,Informationsdienst Wissenschaft-idw,实时,true,historical,,,1,1,0,1,1.0000,,,,,,,,2026-07-22T21:27:19.334512+08:00
2026-06-20,Supply Chain Digital,实时,true,historical,,,2,2,0,2,1.0000,,,,,,,,2026-07-22T21:27:19.334512+08:00
2026-06-20,pv magazine,实时,true,historical,,,1,1,0,1,1.0000,,,,,,,,2026-07-22T21:27:19.334512+08:00
2026-06-20,scitechdaily,实时,true,historical,,,7,7,0,7,1.0000,,,,,,,,2026-07-22T21:27:19.334512+08:00
2026-06-20,the information,实时,true,historical,,,4,4,0,0,0.0000,,,,,,,,2026-07-22T21:27:19.334512+08:00
2026-06-22,Batteries International,实时（新闻资讯）+季度（新闻整合）,false,historical,,,1,1,0,1,1.0000,,,,,,,,2026-07-22T21:27:19.334512+08:00
2026-06-22,ESS News,实时,true,historical,,,5,5,0,5,1.0000,,,,,,,,2026-07-22T21:27:19.334512+08:00
2026-06-22,Electrek,实时,true,historical,,,7,7,0,7,1.0000,,,,,,,,2026-07-22T21:27:19.334512+08:00
2026-06-22,Hydrogen Tech World,周度,false,historical,,,1,1,0,0,0.0000,,,,,,,,2026-07-22T21:27:19.334512+08:00
2026-06-22,IT之家,实时,true,historical,,,15,15,0,15,1.0000,,,,,,,,2026-07-22T21:27:19.334512+08:00
2026-06-22,MIT Technology Review,实时,true,historical,,,2,2,0,2,1.0000,,,,,,,,2026-07-22T21:27:19.334512+08:00
2026-06-22,Supply Chain Digital,实时,true,historical,,,2,2,0,2,1.0000,,,,,,,,2026-07-22T21:27:19.334512+08:00
2026-06-22,electrive,实时,true,historical,,,1,1,0,1,1.0000,,,,,,,,2026-07-22T21:27:19.334512+08:00
2026-06-22,interesting engineering,实时,true,historical,,,8,8,0,8,1.0000,,,,,,,,2026-07-22T21:27:19.334512+08:00
2026-06-22,pv magazine,实时,true,historical,,,10,10,0,10,1.0000,,,,,,,,2026-07-22T21:27:19.334512+08:00
2026-06-22,scitechdaily,实时,true,historical,,,9,9,0,9,1.0000,,,,,,,,2026-07-22T21:27:19.334512+08:00
2026-06-22,the information,实时,true,historical,,,9,9,0,0,0.0000,,,,,,,,2026-07-22T21:27:19.334512+08:00
2026-06-22,新华网科技,实时,true,historical,,,10,10,0,9,0.9000,,,,,,,,2026-07-22T21:27:19.334512+08:00
2026-06-22,索比光伏,实时,true,historical,,,2,2,0,2,1.0000,,,,,,,,2026-07-22T21:27:19.334512+08:00
2026-06-22,索比光伏-综合新闻,实时,true,historical,,,6,6,0,5,0.8333,,,,,,,,2026-07-22T21:27:19.334512+08:00
2026-06-23,Batteries International,实时（新闻资讯）+季度（新闻整合）,false,historical,,,1,1,0,1,1.0000,,,,,,,,2026-07-22T21:27:19.334512+08:00
2026-06-23,ESS News,实时,true,historical,,,5,5,0,5,1.0000,,,,,,,,2026-07-22T21:27:19.334512+08:00
2026-06-23,Electrek,实时,true,historical,,,4,4,0,4,1.0000,,,,,,,,2026-07-22T21:27:19.334512+08:00
2026-06-23,IT之家,实时,true,historical,,,20,20,0,20,1.0000,,,,,,,,2026-07-22T21:27:19.334512+08:00
2026-06-23,Informationsdienst Wissenschaft-idw,实时,true,historical,,,3,3,0,3,1.0000,,,,,,,,2026-07-22T21:27:19.334512+08:00
2026-06-23,MIT Technology Review,实时,true,historical,,,3,3,0,3,1.0000,,,,,,,,2026-07-22T21:27:19.334512+08:00
2026-06-23,Renewables Now,实时,true,historical,,,1,1,0,1,1.0000,,,,,,,,2026-07-22T21:27:19.334512+08:00
2026-06-23,Supply Chain Digital,实时,true,historical,,,3,3,0,3,1.0000,,,,,,,,2026-07-22T21:27:19.334512+08:00
2026-06-23,electrive,实时,true,historical,,,2,2,0,2,1.0000,,,,,,,,2026-07-22T21:27:19.334512+08:00
2026-06-23,interesting engineering,实时,true,historical,,,8,8,0,8,1.0000,,,,,,,,2026-07-22T21:27:19.334512+08:00
2026-06-23,pv magazine,实时,true,historical,,,10,10,0,10,1.0000,,,,,,,,2026-07-22T21:27:19.334512+08:00
2026-06-23,scitechdaily,实时,true,historical,,,14,14,0,14,1.0000,,,,,,,,2026-07-22T21:27:19.334512+08:00
2026-06-23,the information,实时,true,historical,,,11,11,0,0,0.0000,,,,,,,,2026-07-22T21:27:19.334512+08:00
2026-06-23,中国电力新闻网-新能源,实时,true,historical,,,4,2,2,4,1.0000,,,,,,,,2026-07-22T21:27:19.334512+08:00
2026-06-23,新华网科技,实时,true,historical,,,11,11,0,11,1.0000,,,,,,,,2026-07-22T21:27:19.334512+08:00
2026-06-23,索比光伏,实时,true,historical,,,1,1,0,1,1.0000,,,,,,,,2026-07-22T21:27:19.334512+08:00
2026-06-23,索比光伏-综合新闻,实时,true,historical,,,10,10,0,9,0.9000,,,,,,,,2026-07-22T21:27:19.334512+08:00
2026-06-24,Batteries International,实时（新闻资讯）+季度（新闻整合）,false,historical,,,2,2,0,2,1.0000,,,,,,,,2026-07-22T21:27:19.334512+08:00
2026-06-24,Battery Tech Online,实时,true,historical,,,1,1,0,1,1.0000,,,,,,,,2026-07-22T21:27:19.334512+08:00
2026-06-24,BloombergNEF Press,月度,false,historical,,,1,1,0,1,1.0000,,,,,,,,2026-07-22T21:27:19.334512+08:00
2026-06-24,ESS News,实时,true,historical,,,4,4,0,4,1.0000,,,,,,,,2026-07-22T21:27:19.334512+08:00
2026-06-24,Electrek,实时,true,historical,,,7,7,0,7,1.0000,,,,,,,,2026-07-22T21:27:19.334512+08:00
2026-06-24,Hydrogen Tech World,周度,false,historical,,,2,2,0,0,0.0000,,,,,,,,2026-07-22T21:27:19.334512+08:00
2026-06-24,IT之家,实时,true,historical,,,18,18,0,17,0.9444,,,,,,,,2026-07-22T21:27:19.334512+08:00
2026-06-24,Informationsdienst Wissenschaft-idw,实时,true,historical,,,1,1,0,1,1.0000,,,,,,,,2026-07-22T21:27:19.334512+08:00
2026-06-24,MIT Technology Review,实时,true,historical,,,6,6,0,6,1.0000,,,,,,,,2026-07-22T21:27:19.334512+08:00
2026-06-24,Renewables Now,实时,true,historical,,,1,1,0,1,1.0000,,,,,,,,2026-07-22T21:27:19.334512+08:00
2026-06-24,Supply Chain Digital,实时,true,historical,,,2,2,0,2,1.0000,,,,,,,,2026-07-22T21:27:19.334512+08:00
2026-06-24,interesting engineering,实时,true,historical,,,8,8,0,8,1.0000,,,,,,,,2026-07-22T21:27:19.334512+08:00
2026-06-24,pv magazine,实时,true,historical,,,10,10,0,10,1.0000,,,,,,,,2026-07-22T21:27:19.334512+08:00
2026-06-24,scitechdaily,实时,true,historical,,,8,8,0,8,1.0000,,,,,,,,2026-07-22T21:27:19.334512+08:00
2026-06-24,the information,实时,true,historical,,,12,12,0,0,0.0000,,,,,,,,2026-07-22T21:27:19.334512+08:00
2026-06-24,新华网科技,实时,true,historical,,,8,8,0,8,1.0000,,,,,,,,2026-07-22T21:27:19.334512+08:00
2026-06-24,索比光伏-综合新闻,实时,true,historical,,,9,9,0,9,1.0000,,,,,,,,2026-07-22T21:27:19.334512+08:00
2026-06-25,Battery Tech Online,实时,true,historical,,,2,2,0,2,1.0000,,,,,,,,2026-07-22T21:27:19.334512+08:00
2026-06-25,ESS News,实时,true,historical,,,2,2,0,2,1.0000,,,,,,,,2026-07-22T21:27:19.334512+08:00
2026-06-25,Electrek,实时,true,historical,,,6,6,0,6,1.0000,,,,,,,,2026-07-22T21:27:19.334512+08:00
2026-06-25,Hydrogen Tech World,周度,false,historical,,,1,1,0,0,0.0000,,,,,,,,2026-07-22T21:27:19.334512+08:00
2026-06-25,IT之家,实时,true,historical,,,17,17,0,17,1.0000,,,,,,,,2026-07-22T21:27:19.334512+08:00
2026-06-25,Informationsdienst Wissenschaft-idw,实时,true,historical,,,4,4,0,4,1.0000,,,,,,,,2026-07-22T21:27:19.334512+08:00
2026-06-25,MIT Technology Review,实时,true,historical,,,4,4,0,4,1.0000,,,,,,,,2026-07-22T21:27:19.334512+08:00
2026-06-25,Renewables Now,实时,true,historical,,,3,3,0,3,1.0000,,,,,,,,2026-07-22T21:27:19.334512+08:00
2026-06-25,Supply Chain Digital,实时,true,historical,,,5,5,0,5,1.0000,,,,,,,,2026-07-22T21:27:19.334512+08:00
2026-06-25,electrive,实时,true,historical,,,2,2,0,2,1.0000,,,,,,,,2026-07-22T21:27:19.334512+08:00
2026-06-25,interesting engineering,实时,true,historical,,,6,6,0,6,1.0000,,,,,,,,2026-07-22T21:27:19.334512+08:00
2026-06-25,pv magazine,实时,true,historical,,,10,10,0,10,1.0000,,,,,,,,2026-07-22T21:27:19.334512+08:00
2026-06-25,scitechdaily,实时,true,historical,,,13,13,0,13,1.0000,,,,,,,,2026-07-22T21:27:19.334512+08:00
2026-06-25,the information,实时,true,historical,,,12,12,0,1,0.0833,,,,,,,,2026-07-22T21:27:19.334512+08:00
2026-06-25,新华网科技,实时,true,historical,,,15,15,0,15,1.0000,,,,,,,,2026-07-22T21:27:19.334512+08:00
2026-06-25,索比光伏,实时,true,historical,,,1,1,0,1,1.0000,,,,,,,,2026-07-22T21:27:19.334512+08:00
2026-06-25,索比光伏-综合新闻,实时,true,historical,,,10,10,0,8,0.8000,,,,,,,,2026-07-22T21:27:19.334512+08:00
2026-06-26,ESS News,实时,true,historical,,,4,4,0,4,1.0000,,,,,,,,2026-07-22T21:27:19.334512+08:00
2026-06-26,Electrek,实时,true,historical,,,7,7,0,7,1.0000,,,,,,,,2026-07-22T21:27:19.334512+08:00
2026-06-26,Hydrogen Tech World,周度,false,historical,,,2,2,0,0,0.0000,,,,,,,,2026-07-22T21:27:19.334512+08:00
2026-06-26,IT之家,实时,true,historical,,,18,18,0,18,1.0000,,,,,,,,2026-07-22T21:27:19.334512+08:00
2026-06-26,MIT Technology Review,实时,true,historical,,,2,2,0,2,1.0000,,,,,,,,2026-07-22T21:27:19.334512+08:00
2026-06-26,Renewables Now,实时,true,historical,,,2,2,0,2,1.0000,,,,,,,,2026-07-22T21:27:19.334512+08:00
2026-06-26,Supply Chain Digital,实时,true,historical,,,2,2,0,2,1.0000,,,,,,,,2026-07-22T21:27:19.334512+08:00
2026-06-26,electrive,实时,true,historical,,,2,2,0,2,1.0000,,,,,,,,2026-07-22T21:27:19.334512+08:00
2026-06-26,interesting engineering,实时,true,historical,,,4,4,0,4,1.0000,,,,,,,,2026-07-22T21:27:19.334512+08:00
2026-06-26,pv magazine,实时,true,historical,,,10,10,0,10,1.0000,,,,,,,,2026-07-22T21:27:19.334512+08:00
2026-06-26,scitechdaily,实时,true,historical,,,8,8,0,8,1.0000,,,,,,,,2026-07-22T21:27:19.334512+08:00
2026-06-26,the information,实时,true,historical,,,10,10,0,0,0.0000,,,,,,,,2026-07-22T21:27:19.334512+08:00
2026-06-26,新华网科技,实时,true,historical,,,8,8,0,8,1.0000,,,,,,,,2026-07-22T21:27:19.334512+08:00
2026-06-26,索比光伏,实时,true,historical,,,2,2,0,2,1.0000,,,,,,,,2026-07-22T21:27:19.334512+08:00
2026-06-26,索比光伏-综合新闻,实时,true,historical,,,6,6,0,6,1.0000,,,,,,,,2026-07-22T21:27:19.334512+08:00
2026-06-27,Battery Tech Online,实时,true,historical,,,2,2,0,2,1.0000,,,,,,,,2026-07-22T21:27:19.334512+08:00
2026-06-27,Electrek,实时,true,historical,,,1,1,0,1,1.0000,,,,,,,,2026-07-22T21:27:19.334512+08:00
2026-06-27,Supply Chain Digital,实时,true,historical,,,2,2,0,2,1.0000,,,,,,,,2026-07-22T21:27:19.334512+08:00
2026-06-27,pv magazine,实时,true,historical,,,1,1,0,1,1.0000,,,,,,,,2026-07-22T21:27:19.334512+08:00
2026-06-27,scitechdaily,实时,true,historical,,,7,7,0,7,1.0000,,,,,,,,2026-07-22T21:27:19.334512+08:00
2026-06-27,the information,实时,true,historical,,,10,10,0,0,0.0000,,,,,,,,2026-07-22T21:27:19.334512+08:00
2026-06-29,Batteries International,实时（新闻资讯）+季度（新闻整合）,false,historical,,,10,10,0,10,1.0000,,,,,,,,2026-07-22T21:27:19.334512+08:00
2026-06-29,ESS News,实时,true,historical,,,2,2,0,2,1.0000,,,,,,,,2026-07-22T21:27:19.334512+08:00
2026-06-29,Electrek,实时,true,historical,,,5,5,0,5,1.0000,,,,,,,,2026-07-22T21:27:19.334512+08:00
2026-06-29,IT之家,实时,true,historical,,,11,11,0,11,1.0000,,,,,,,,2026-07-22T21:27:19.334512+08:00
2026-06-29,MIT Technology Review,实时,true,historical,,,2,2,0,2,1.0000,,,,,,,,2026-07-22T21:27:19.334512+08:00
2026-06-29,Renewables Now,实时,true,historical,,,2,2,0,2,1.0000,,,,,,,,2026-07-22T21:27:19.334512+08:00
2026-06-29,Supply Chain Digital,实时,true,historical,,,4,4,0,4,1.0000,,,,,,,,2026-07-22T21:27:19.334512+08:00
2026-06-29,electrive,实时,true,historical,,,1,1,0,1,1.0000,,,,,,,,2026-07-22T21:27:19.334512+08:00
2026-06-29,interesting engineering,实时,true,historical,,,7,7,0,7,1.0000,,,,,,,,2026-07-22T21:27:19.334512+08:00
2026-06-29,pv magazine,实时,true,historical,,,10,10,0,10,1.0000,,,,,,,,2026-07-22T21:27:19.334512+08:00
2026-06-29,scitechdaily,实时,true,historical,,,9,9,0,9,1.0000,,,,,,,,2026-07-22T21:27:19.334512+08:00
2026-06-29,the information,实时,true,historical,,,9,9,0,0,0.0000,,,,,,,,2026-07-22T21:27:19.334512+08:00
2026-06-29,中国电力新闻网-科技,实时,true,historical,,,2,1,1,2,1.0000,,,,,,,,2026-07-22T21:27:19.334512+08:00
2026-06-29,新华网科技,实时,true,historical,,,14,14,0,14,1.0000,,,,,,,,2026-07-22T21:27:19.334512+08:00
2026-06-29,索比光伏-综合新闻,实时,true,historical,,,6,6,0,5,0.8333,,,,,,,,2026-07-22T21:27:19.334512+08:00
2026-06-30,Ammonia Energy Association,周度,false,historical,,,3,3,0,0,0.0000,,,,,,,,2026-07-22T21:27:19.334512+08:00
2026-06-30,ESS News,实时,true,historical,,,7,7,0,7,1.0000,,,,,,,,2026-07-22T21:27:19.334512+08:00
2026-06-30,Electrek,实时,true,historical,,,4,4,0,4,1.0000,,,,,,,,2026-07-22T21:27:19.334512+08:00
2026-06-30,Hydrogen Tech World,周度,false,historical,,,2,2,0,0,0.0000,,,,,,,,2026-07-22T21:27:19.334512+08:00
2026-06-30,IT之家,实时,true,historical,,,20,20,0,20,1.0000,,,,,,,,2026-07-22T21:27:19.334512+08:00
2026-06-30,MIT Technology Review,实时,true,historical,,,3,3,0,3,1.0000,,,,,,,,2026-07-22T21:27:19.334512+08:00
2026-06-30,Renewables Now,实时,true,historical,,,3,3,0,3,1.0000,,,,,,,,2026-07-22T21:27:19.334512+08:00
2026-06-30,Supply Chain Digital,实时,true,historical,,,3,3,0,3,1.0000,,,,,,,,2026-07-22T21:27:19.334512+08:00
2026-06-30,electrive,实时,true,historical,,,2,2,0,2,1.0000,,,,,,,,2026-07-22T21:27:19.334512+08:00
2026-06-30,interesting engineering,实时,true,historical,,,10,10,0,10,1.0000,,,,,,,,2026-07-22T21:27:19.334512+08:00
2026-06-30,pv magazine,实时,true,historical,,,10,10,0,10,1.0000,,,,,,,,2026-07-22T21:27:19.334512+08:00
2026-06-30,scitechdaily,实时,true,historical,,,9,9,0,9,1.0000,,,,,,,,2026-07-22T21:27:19.334512+08:00
2026-06-30,the information,实时,true,historical,,,10,10,0,0,0.0000,,,,,,,,2026-07-22T21:27:19.334512+08:00
2026-06-30,中国电力新闻网-新能源,实时,true,historical,,,2,1,1,2,1.0000,,,,,,,,2026-07-22T21:27:19.334512+08:00
2026-06-30,新华网科技,实时,true,historical,,,7,7,0,7,1.0000,,,,,,,,2026-07-22T21:27:19.334512+08:00
2026-06-30,索比光伏,实时,true,historical,,,2,2,0,2,1.0000,,,,,,,,2026-07-22T21:27:19.334512+08:00
2026-06-30,索比光伏-综合新闻,实时,true,historical,,,10,10,0,9,0.9000,,,,,,,,2026-07-22T21:27:19.334512+08:00
2026-07-01,Ammonia Energy Association,周度,false,historical,,,1,1,0,0,0.0000,,,,,,,,2026-07-22T21:27:19.334512+08:00
2026-07-01,ESS News,实时,true,historical,,,10,10,0,10,1.0000,,,,,,,,2026-07-22T21:27:19.334512+08:00
2026-07-01,Electrek,实时,true,historical,,,5,5,0,5,1.0000,,,,,,,,2026-07-22T21:27:19.334512+08:00
2026-07-01,Hydrogen Tech World,周度,false,historical,,,1,1,0,0,0.0000,,,,,,,,2026-07-22T21:27:19.334512+08:00
2026-07-01,IT之家,实时,true,historical,,,20,20,0,19,0.9500,,,,,,,,2026-07-22T21:27:19.334512+08:00
2026-07-01,Informationsdienst Wissenschaft-idw,实时,true,historical,,,2,2,0,2,1.0000,,,,,,,,2026-07-22T21:27:19.334512+08:00
2026-07-01,MIT Technology Review,实时,true,historical,,,2,2,0,2,1.0000,,,,,,,,2026-07-22T21:27:19.334512+08:00
2026-07-01,Renewables Now,实时,true,historical,,,2,2,0,2,1.0000,,,,,,,,2026-07-22T21:27:19.334512+08:00
2026-07-01,Supply Chain Digital,实时,true,historical,,,3,3,0,2,0.6667,,,,,,,,2026-07-22T21:27:19.334512+08:00
2026-07-01,electrive,实时,true,historical,,,2,2,0,2,1.0000,,,,,,,,2026-07-22T21:27:19.334512+08:00
2026-07-01,interesting engineering,实时,true,historical,,,8,8,0,8,1.0000,,,,,,,,2026-07-22T21:27:19.334512+08:00
2026-07-01,pv magazine,实时,true,historical,,,10,10,0,10,1.0000,,,,,,,,2026-07-22T21:27:19.334512+08:00
2026-07-01,scitechdaily,实时,true,historical,,,11,11,0,11,1.0000,,,,,,,,2026-07-22T21:27:19.334512+08:00
2026-07-01,the information,实时,true,historical,,,19,19,0,0,0.0000,,,,,,,,2026-07-22T21:27:19.334512+08:00
2026-07-01,中国电力新闻网-新能源,实时,true,historical,,,2,1,1,2,1.0000,,,,,,,,2026-07-22T21:27:19.334512+08:00
2026-07-01,中国电力新闻网-科技,实时,true,historical,,,8,5,3,8,1.0000,,,,,,,,2026-07-22T21:27:19.334512+08:00
2026-07-01,新华网科技,实时,true,historical,,,9,9,0,9,1.0000,,,,,,,,2026-07-22T21:27:19.334512+08:00
2026-07-01,索比光伏-综合新闻,实时,true,historical,,,9,9,0,8,0.8889,,,,,,,,2026-07-22T21:27:19.334512+08:00
2026-07-02,Ammonia Energy Association,周度,false,historical,,,1,1,0,0,0.0000,,,,,,,,2026-07-22T21:27:19.334512+08:00
2026-07-02,Batteries International,实时（新闻资讯）+季度（新闻整合）,false,historical,,,10,10,0,10,1.0000,,,,,,,,2026-07-22T21:27:19.334512+08:00
2026-07-02,Battery Tech Online,实时,true,historical,,,3,3,0,3,1.0000,,,,,,,,2026-07-22T21:27:19.334512+08:00
2026-07-02,ESS News,实时,true,historical,,,6,6,0,6,1.0000,,,,,,,,2026-07-22T21:27:19.334512+08:00
2026-07-02,Electrek,实时,true,historical,,,8,8,0,8,1.0000,,,,,,,,2026-07-22T21:27:19.334512+08:00
2026-07-02,Hydrogen Tech World,周度,false,historical,,,1,1,0,0,0.0000,,,,,,,,2026-07-22T21:27:19.334512+08:00
2026-07-02,IT之家,实时,true,historical,,,20,20,0,20,1.0000,,,,,,,,2026-07-22T21:27:19.334512+08:00
2026-07-02,Informationsdienst Wissenschaft-idw,实时,true,historical,,,2,2,0,2,1.0000,,,,,,,,2026-07-22T21:27:19.334512+08:00
2026-07-02,MIT Technology Review,实时,true,historical,,,4,4,0,4,1.0000,,,,,,,,2026-07-22T21:27:19.334512+08:00
2026-07-02,Renewables Now,实时,true,historical,,,3,3,0,3,1.0000,,,,,,,,2026-07-22T21:27:19.334512+08:00
2026-07-02,Supply Chain Digital,实时,true,historical,,,2,2,0,2,1.0000,,,,,,,,2026-07-22T21:27:19.334512+08:00
2026-07-02,electrive,实时,true,historical,,,1,1,0,1,1.0000,,,,,,,,2026-07-22T21:27:19.334512+08:00
2026-07-02,interesting engineering,实时,true,historical,,,9,9,0,9,1.0000,,,,,,,,2026-07-22T21:27:19.334512+08:00
2026-07-02,pv magazine,实时,true,historical,,,10,10,0,10,1.0000,,,,,,,,2026-07-22T21:27:19.334512+08:00
2026-07-02,scitechdaily,实时,true,historical,,,9,9,0,9,1.0000,,,,,,,,2026-07-22T21:27:19.334512+08:00
2026-07-02,the information,实时,true,historical,,,12,12,0,0,0.0000,,,,,,,,2026-07-22T21:27:19.334512+08:00
2026-07-02,中国电力新闻网-新能源,实时,true,historical,,,7,4,3,7,1.0000,,,,,,,,2026-07-22T21:27:19.334512+08:00
2026-07-02,中国电力新闻网-科技,实时,true,historical,,,4,2,2,4,1.0000,,,,,,,,2026-07-22T21:27:19.334512+08:00
2026-07-02,新华网科技,实时,true,historical,,,4,4,0,4,1.0000,,,,,,,,2026-07-22T21:27:19.334512+08:00
2026-07-02,索比光伏,实时,true,historical,,,3,3,0,3,1.0000,,,,,,,,2026-07-22T21:27:19.334512+08:00
2026-07-02,索比光伏-综合新闻,实时,true,historical,,,9,9,0,7,0.7778,,,,,,,,2026-07-22T21:27:19.334512+08:00
2026-07-03,Ammonia Energy Association,周度,false,historical,,,3,3,0,0,0.0000,,,,,,,,2026-07-22T21:27:19.334512+08:00
2026-07-03,Batteries International,实时（新闻资讯）+季度（新闻整合）,false,historical,,,2,2,0,2,1.0000,,,,,,,,2026-07-22T21:27:19.334512+08:00
2026-07-03,ESS News,实时,true,historical,,,6,6,0,6,1.0000,,,,,,,,2026-07-22T21:27:19.334512+08:00
2026-07-03,Electrek,实时,true,historical,,,10,10,0,10,1.0000,,,,,,,,2026-07-22T21:27:19.334512+08:00
2026-07-03,Informationsdienst Wissenschaft-idw,实时,true,historical,,,2,2,0,2,1.0000,,,,,,,,2026-07-22T21:27:19.334512+08:00
2026-07-03,MIT Technology Review,实时,true,historical,,,2,2,0,2,1.0000,,,,,,,,2026-07-22T21:27:19.334512+08:00
2026-07-03,Renewables Now,实时,true,historical,,,3,3,0,3,1.0000,,,,,,,,2026-07-22T21:27:19.334512+08:00
2026-07-03,Supply Chain Digital,实时,true,historical,,,4,4,0,4,1.0000,,,,,,,,2026-07-22T21:27:19.334512+08:00
2026-07-03,electrive,实时,true,historical,,,1,1,0,1,1.0000,,,,,,,,2026-07-22T21:27:19.334512+08:00
2026-07-03,pv magazine,实时,true,historical,,,10,10,0,10,1.0000,,,,,,,,2026-07-22T21:27:19.334512+08:00
2026-07-03,scitechdaily,实时,true,historical,,,5,5,0,5,1.0000,,,,,,,,2026-07-22T21:27:19.334512+08:00
2026-07-03,the information,实时,true,historical,,,11,11,0,0,0.0000,,,,,,,,2026-07-22T21:27:19.334512+08:00
2026-07-03,中国电力新闻网-新能源,实时,true,historical,,,4,2,2,4,1.0000,,,,,,,,2026-07-22T21:27:19.334512+08:00
2026-07-03,中国电力新闻网-科技,实时,true,historical,,,6,3,3,6,1.0000,,,,,,,,2026-07-22T21:27:19.334512+08:00
2026-07-03,新华网科技,实时,true,historical,,,13,13,0,13,1.0000,,,,,,,,2026-07-22T21:27:19.334512+08:00
2026-07-03,索比光伏,实时,true,historical,,,1,1,0,1,1.0000,,,,,,,,2026-07-22T21:27:19.334512+08:00
2026-07-03,索比光伏-综合新闻,实时,true,historical,,,9,9,0,9,1.0000,,,,,,,,2026-07-22T21:27:19.334512+08:00
2026-07-04,Electrek,实时,true,historical,,,2,2,0,2,1.0000,,,,,,,,2026-07-22T21:27:19.334512+08:00
2026-07-04,Supply Chain Digital,实时,true,historical,,,1,1,0,1,1.0000,,,,,,,,2026-07-22T21:27:19.334512+08:00
2026-07-04,scitechdaily,实时,true,historical,,,8,8,0,8,1.0000,,,,,,,,2026-07-22T21:27:19.334512+08:00
2026-07-04,the information,实时,true,historical,,,2,2,0,0,0.0000,,,,,,,,2026-07-22T21:27:19.334512+08:00
2026-07-06,Ammonia Energy Association,周度,false,historical,,,1,1,0,0,0.0000,,,,,,,,2026-07-22T21:27:19.334512+08:00
2026-07-06,ESS News,实时,true,historical,,,5,5,0,5,1.0000,,,,,,,,2026-07-22T21:27:19.334512+08:00
2026-07-06,Electrek,实时,true,historical,,,4,4,0,4,1.0000,,,,,,,,2026-07-22T21:27:19.334512+08:00
2026-07-06,Hydrogen Tech World,周度,false,historical,,,3,3,0,0,0.0000,,,,,,,,2026-07-22T21:27:19.334512+08:00
2026-07-06,IT之家,实时,true,historical,,,11,11,0,10,0.9091,,,,,,,,2026-07-22T21:27:19.334512+08:00
2026-07-06,Informationsdienst Wissenschaft-idw,实时,true,historical,,,4,4,0,4,1.0000,,,,,,,,2026-07-22T21:27:19.334512+08:00
2026-07-06,MIT Technology Review,实时,true,historical,,,2,2,0,2,1.0000,,,,,,,,2026-07-22T21:27:19.334512+08:00
2026-07-06,Renewables Now,实时,true,historical,,,3,3,0,3,1.0000,,,,,,,,2026-07-22T21:27:19.334512+08:00
2026-07-06,Supply Chain Digital,实时,true,historical,,,3,3,0,3,1.0000,,,,,,,,2026-07-22T21:27:19.334512+08:00
2026-07-06,electrive,实时,true,historical,,,1,1,0,1,1.0000,,,,,,,,2026-07-22T21:27:19.334512+08:00
2026-07-06,interesting engineering,实时,true,historical,,,4,4,0,4,1.0000,,,,,,,,2026-07-22T21:27:19.334512+08:00
2026-07-06,pv magazine,实时,true,historical,,,10,10,0,10,1.0000,,,,,,,,2026-07-22T21:27:19.334512+08:00
2026-07-06,scitechdaily,实时,true,historical,,,6,6,0,6,1.0000,,,,,,,,2026-07-22T21:27:19.334512+08:00
2026-07-06,the information,实时,true,historical,,,9,9,0,0,0.0000,,,,,,,,2026-07-22T21:27:19.334512+08:00
2026-07-06,中国电力新闻网-新能源,实时,true,historical,,,2,1,1,2,1.0000,,,,,,,,2026-07-22T21:27:19.334512+08:00
2026-07-06,中国电力新闻网-科技,实时,true,historical,,,4,2,2,4,1.0000,,,,,,,,2026-07-22T21:27:19.334512+08:00
2026-07-06,新华网科技,实时,true,historical,,,12,12,0,12,1.0000,,,,,,,,2026-07-22T21:27:19.334512+08:00
2026-07-06,索比光伏,实时,true,historical,,,8,8,0,8,1.0000,,,,,,,,2026-07-22T21:27:19.334512+08:00
2026-07-06,索比光伏-综合新闻,实时,true,historical,,,6,6,0,6,1.0000,,,,,,,,2026-07-22T21:27:19.334512+08:00
2026-07-07,Battery Tech Online,实时,true,historical,,,1,1,0,1,1.0000,,,,,,,,2026-07-22T21:27:19.334512+08:00
2026-07-07,ESS News,实时,true,historical,,,5,5,0,5,1.0000,,,,,,,,2026-07-22T21:27:19.334512+08:00
2026-07-07,Electrek,实时,true,historical,,,6,6,0,6,1.0000,,,,,,,,2026-07-22T21:27:19.334512+08:00
2026-07-07,Hydrogen Tech World,周度,false,historical,,,1,1,0,0,0.0000,,,,,,,,2026-07-22T21:27:19.334512+08:00
2026-07-07,IT之家,实时,true,historical,,,20,20,0,18,0.9000,,,,,,,,2026-07-22T21:27:19.334512+08:00
2026-07-07,Informationsdienst Wissenschaft-idw,实时,true,historical,,,2,2,0,2,1.0000,,,,,,,,2026-07-22T21:27:19.334512+08:00
2026-07-07,MIT Technology Review,实时,true,historical,,,3,3,0,3,1.0000,,,,,,,,2026-07-22T21:27:19.334512+08:00
2026-07-07,Renewables Now,实时,true,historical,,,2,2,0,2,1.0000,,,,,,,,2026-07-22T21:27:19.334512+08:00
2026-07-07,Supply Chain Digital,实时,true,historical,,,4,4,0,4,1.0000,,,,,,,,2026-07-22T21:27:19.334512+08:00
2026-07-07,electrive,实时,true,historical,,,2,2,0,2,1.0000,,,,,,,,2026-07-22T21:27:19.334512+08:00
2026-07-07,interesting engineering,实时,true,historical,,,10,10,0,10,1.0000,,,,,,,,2026-07-22T21:27:19.334512+08:00
2026-07-07,pv magazine,实时,true,historical,,,10,10,0,10,1.0000,,,,,,,,2026-07-22T21:27:19.334512+08:00
2026-07-07,scitechdaily,实时,true,historical,,,8,8,0,8,1.0000,,,,,,,,2026-07-22T21:27:19.334512+08:00
2026-07-07,the information,实时,true,historical,,,9,9,0,0,0.0000,,,,,,,,2026-07-22T21:27:19.334512+08:00
2026-07-07,中国电力新闻网-新能源,实时,true,historical,,,4,2,2,4,1.0000,,,,,,,,2026-07-22T21:27:19.334512+08:00
2026-07-07,中国电力新闻网-科技,实时,true,historical,,,2,1,1,2,1.0000,,,,,,,,2026-07-22T21:27:19.334512+08:00
2026-07-07,新华网科技,实时,true,historical,,,4,4,0,4,1.0000,,,,,,,,2026-07-22T21:27:19.334512+08:00
2026-07-07,索比光伏,实时,true,historical,,,3,3,0,3,1.0000,,,,,,,,2026-07-22T21:27:19.334512+08:00
2026-07-07,索比光伏-综合新闻,实时,true,historical,,,8,8,0,7,0.8750,,,,,,,,2026-07-22T21:27:19.334512+08:00
2026-07-08,Battery Tech Online,实时,true,historical,,,4,4,0,4,1.0000,,,,,,,,2026-07-22T21:27:19.334512+08:00
2026-07-08,ESS News,实时,true,historical,,,7,7,0,7,1.0000,,,,,,,,2026-07-22T21:27:19.334512+08:00
2026-07-08,Electrek,实时,true,historical,,,5,5,0,5,1.0000,,,,,,,,2026-07-22T21:27:19.334512+08:00
2026-07-08,Hydrogen Tech World,周度,false,historical,,,1,1,0,0,0.0000,,,,,,,,2026-07-22T21:27:19.334512+08:00
2026-07-08,IT之家,实时,true,historical,,,20,20,0,18,0.9000,,,,,,,,2026-07-22T21:27:19.334512+08:00
2026-07-08,Informationsdienst Wissenschaft-idw,实时,true,historical,,,2,2,0,2,1.0000,,,,,,,,2026-07-22T21:27:19.334512+08:00
2026-07-08,MIT Technology Review,实时,true,historical,,,1,1,0,1,1.0000,,,,,,,,2026-07-22T21:27:19.334512+08:00
2026-07-08,Renewables Now,实时,true,historical,,,3,3,0,3,1.0000,,,,,,,,2026-07-22T21:27:19.334512+08:00
2026-07-08,Supply Chain Digital,实时,true,historical,,,2,2,0,2,1.0000,,,,,,,,2026-07-22T21:27:19.334512+08:00
2026-07-08,electrive,实时,true,historical,,,2,2,0,2,1.0000,,,,,,,,2026-07-22T21:27:19.334512+08:00
2026-07-08,interesting engineering,实时,true,historical,,,10,10,0,10,1.0000,,,,,,,,2026-07-22T21:27:19.334512+08:00
2026-07-08,pv magazine,实时,true,historical,,,10,10,0,10,1.0000,,,,,,,,2026-07-22T21:27:19.334512+08:00
2026-07-08,scitechdaily,实时,true,historical,,,12,12,0,12,1.0000,,,,,,,,2026-07-22T21:27:19.334512+08:00
2026-07-08,the information,实时,true,historical,,,15,15,0,0,0.0000,,,,,,,,2026-07-22T21:27:19.334512+08:00
2026-07-08,中国电力新闻网-新能源,实时,true,historical,,,2,1,1,2,1.0000,,,,,,,,2026-07-22T21:27:19.334512+08:00
2026-07-08,中国电力新闻网-科技,实时,true,historical,,,6,3,3,6,1.0000,,,,,,,,2026-07-22T21:27:19.334512+08:00
2026-07-08,新华网科技,实时,true,historical,,,13,13,0,13,1.0000,,,,,,,,2026-07-22T21:27:19.334512+08:00
2026-07-08,索比光伏,实时,true,historical,,,1,1,0,1,1.0000,,,,,,,,2026-07-22T21:27:19.334512+08:00
2026-07-08,索比光伏-综合新闻,实时,true,historical,,,5,5,0,5,1.0000,,,,,,,,2026-07-22T21:27:19.334512+08:00
2026-07-09,Battery Tech Online,实时,true,historical,,,2,2,0,2,1.0000,,,,,,,,2026-07-22T21:27:19.334512+08:00
2026-07-09,ESS News,实时,true,historical,,,7,7,0,7,1.0000,,,,,,,,2026-07-22T21:27:19.334512+08:00
2026-07-09,Electrek,实时,true,historical,,,3,3,0,3,1.0000,,,,,,,,2026-07-22T21:27:19.334512+08:00
2026-07-09,IT之家,实时,true,historical,,,20,20,0,20,1.0000,,,,,,,,2026-07-22T21:27:19.334512+08:00
2026-07-09,Informationsdienst Wissenschaft-idw,实时,true,historical,,,2,2,0,2,1.0000,,,,,,,,2026-07-22T21:27:19.334512+08:00
2026-07-09,MIT Technology Review,实时,true,historical,,,2,2,0,2,1.0000,,,,,,,,2026-07-22T21:27:19.334512+08:00
2026-07-09,Renewables Now,实时,true,historical,,,2,2,0,2,1.0000,,,,,,,,2026-07-22T21:27:19.334512+08:00
2026-07-09,Supply Chain Digital,实时,true,historical,,,4,4,0,4,1.0000,,,,,,,,2026-07-22T21:27:19.334512+08:00
2026-07-09,electrive,实时,true,historical,,,2,2,0,2,1.0000,,,,,,,,2026-07-22T21:27:19.334512+08:00
2026-07-09,interesting engineering,实时,true,historical,,,9,9,0,9,1.0000,,,,,,,,2026-07-22T21:27:19.334512+08:00
2026-07-09,pv magazine,实时,true,historical,,,10,10,0,10,1.0000,,,,,,,,2026-07-22T21:27:19.334512+08:00
2026-07-09,scitechdaily,实时,true,historical,,,12,12,0,12,1.0000,,,,,,,,2026-07-22T21:27:19.334512+08:00
2026-07-09,the information,实时,true,historical,,,11,11,0,0,0.0000,,,,,,,,2026-07-22T21:27:19.334512+08:00
2026-07-09,中国电力新闻网-新能源,实时,true,historical,,,2,1,1,2,1.0000,,,,,,,,2026-07-22T21:27:19.334512+08:00
2026-07-09,中国电力新闻网-科技,实时,true,historical,,,4,2,2,4,1.0000,,,,,,,,2026-07-22T21:27:19.334512+08:00
2026-07-09,新华网科技,实时,true,historical,,,11,11,0,11,1.0000,,,,,,,,2026-07-22T21:27:19.334512+08:00
2026-07-09,索比光伏,实时,true,historical,,,3,3,0,3,1.0000,,,,,,,,2026-07-22T21:27:19.334512+08:00
2026-07-09,索比光伏-综合新闻,实时,true,historical,,,11,11,0,11,1.0000,,,,,,,,2026-07-22T21:27:19.334512+08:00
2026-07-10,Batteries International,实时（新闻资讯）+季度（新闻整合）,false,historical,,,7,7,0,7,1.0000,,,,,,,,2026-07-22T21:27:19.334512+08:00
2026-07-10,ESS News,实时,true,historical,,,6,6,0,6,1.0000,,,,,,,,2026-07-22T21:27:19.334512+08:00
2026-07-10,Electrek,实时,true,historical,,,4,4,0,4,1.0000,,,,,,,,2026-07-22T21:27:19.334512+08:00
2026-07-10,IT之家,实时,true,historical,,,20,20,0,20,1.0000,,,,,,,,2026-07-22T21:27:19.334512+08:00
2026-07-10,Informationsdienst Wissenschaft-idw,实时,true,historical,,,4,4,0,4,1.0000,,,,,,,,2026-07-22T21:27:19.334512+08:00
2026-07-10,MIT Technology Review,实时,true,historical,,,2,2,0,2,1.0000,,,,,,,,2026-07-22T21:27:19.334512+08:00
2026-07-10,Renewables Now,实时,true,historical,,,1,1,0,1,1.0000,,,,,,,,2026-07-22T21:27:19.334512+08:00
2026-07-10,Supply Chain Digital,实时,true,historical,,,1,1,0,1,1.0000,,,,,,,,2026-07-22T21:27:19.334512+08:00
2026-07-10,electrive,实时,true,historical,,,1,1,0,1,1.0000,,,,,,,,2026-07-22T21:27:19.334512+08:00
2026-07-10,interesting engineering,实时,true,historical,,,10,10,0,10,1.0000,,,,,,,,2026-07-22T21:27:19.334512+08:00
2026-07-10,pv magazine,实时,true,historical,,,10,10,0,10,1.0000,,,,,,,,2026-07-22T21:27:19.334512+08:00
2026-07-10,scitechdaily,实时,true,historical,,,13,13,0,13,1.0000,,,,,,,,2026-07-22T21:27:19.334512+08:00
2026-07-10,the information,实时,true,historical,,,17,17,0,1,0.0588,,,,,,,,2026-07-22T21:27:19.334512+08:00
2026-07-10,中国电力新闻网-新能源,实时,true,historical,,,4,2,2,4,1.0000,,,,,,,,2026-07-22T21:27:19.334512+08:00
2026-07-10,中国电力新闻网-科技,实时,true,historical,,,4,2,2,4,1.0000,,,,,,,,2026-07-22T21:27:19.334512+08:00
2026-07-10,新华网科技,实时,true,historical,,,11,11,0,11,1.0000,,,,,,,,2026-07-22T21:27:19.334512+08:00
2026-07-10,索比光伏-综合新闻,实时,true,historical,,,5,5,0,5,1.0000,,,,,,,,2026-07-22T21:27:19.334512+08:00
2026-07-11,Batteries International,实时（新闻资讯）+季度（新闻整合）,false,historical,,,3,3,0,3,1.0000,,,,,,,,2026-07-22T21:27:19.334512+08:00
2026-07-11,Battery Tech Online,实时,true,historical,,,1,1,0,1,1.0000,,,,,,,,2026-07-22T21:27:19.334512+08:00
2026-07-11,Electrek,实时,true,historical,,,1,1,0,1,1.0000,,,,,,,,2026-07-22T21:27:19.334512+08:00
2026-07-11,Renewables Now,实时,true,historical,,,1,1,0,1,1.0000,,,,,,,,2026-07-22T21:27:19.334512+08:00
2026-07-11,Supply Chain Digital,实时,true,historical,,,1,1,0,1,1.0000,,,,,,,,2026-07-22T21:27:19.334512+08:00
2026-07-11,pv magazine,实时,true,historical,,,6,6,0,6,1.0000,,,,,,,,2026-07-22T21:27:19.334512+08:00
2026-07-11,scitechdaily,实时,true,historical,,,9,9,0,9,1.0000,,,,,,,,2026-07-22T21:27:19.334512+08:00
2026-07-11,the information,实时,true,historical,,,4,4,0,0,0.0000,,,,,,,,2026-07-22T21:27:19.334512+08:00
2026-07-13,Battery Tech Online,实时,true,historical,,,1,1,0,1,1.0000,,,,,,,,2026-07-22T21:27:19.334512+08:00
2026-07-13,ESS News,实时,true,historical,,,5,5,0,5,1.0000,,,,,,,,2026-07-22T21:27:19.334512+08:00
2026-07-13,Electrek,实时,true,historical,,,6,6,0,6,1.0000,,,,,,,,2026-07-22T21:27:19.334512+08:00
2026-07-13,Hydrogen Tech World,周度,false,historical,,,1,1,0,0,0.0000,,,,,,,,2026-07-22T21:27:19.334512+08:00
2026-07-13,IT之家,实时,true,historical,,,20,20,0,20,1.0000,,,,,,,,2026-07-22T21:27:19.334512+08:00
2026-07-13,MIT Technology Review,实时,true,historical,,,1,1,0,1,1.0000,,,,,,,,2026-07-22T21:27:19.334512+08:00
2026-07-13,Renewables Now,实时,true,historical,,,3,3,0,3,1.0000,,,,,,,,2026-07-22T21:27:19.334512+08:00
2026-07-13,Supply Chain Digital,实时,true,historical,,,2,2,0,2,1.0000,,,,,,,,2026-07-22T21:27:19.334512+08:00
2026-07-13,interesting engineering,实时,true,historical,,,9,9,0,9,1.0000,,,,,,,,2026-07-22T21:27:19.334512+08:00
2026-07-13,pv magazine,实时,true,historical,,,10,10,0,10,1.0000,,,,,,,,2026-07-22T21:27:19.334512+08:00
2026-07-13,scitechdaily,实时,true,historical,,,12,12,0,12,1.0000,,,,,,,,2026-07-22T21:27:19.334512+08:00
2026-07-13,the information,实时,true,historical,,,10,10,0,0,0.0000,,,,,,,,2026-07-22T21:27:19.334512+08:00
2026-07-13,中国电力新闻网-新能源,实时,true,historical,,,7,4,3,7,1.0000,,,,,,,,2026-07-22T21:27:19.334512+08:00
2026-07-13,中国电力新闻网-科技,实时,true,historical,,,2,1,1,2,1.0000,,,,,,,,2026-07-22T21:27:19.334512+08:00
2026-07-13,新华网科技,实时,true,historical,,,10,10,0,10,1.0000,,,,,,,,2026-07-22T21:27:19.334512+08:00
2026-07-13,索比光伏-综合新闻,实时,true,historical,,,6,6,0,6,1.0000,,,,,,,,2026-07-22T21:27:19.334512+08:00
2026-07-14,Ammonia Energy Association,周度,false,historical,,,3,3,0,0,0.0000,,,,,,,,2026-07-22T21:27:19.334512+08:00
2026-07-14,Batteries International,实时（新闻资讯）+季度（新闻整合）,false,historical,,,1,1,0,1,1.0000,,,,,,,,2026-07-22T21:27:19.334512+08:00
2026-07-14,Battery Tech Online,实时,true,historical,,,2,2,0,2,1.0000,,,,,,,,2026-07-22T21:27:19.334512+08:00
2026-07-14,ESS News,实时,true,historical,,,3,3,0,3,1.0000,,,,,,,,2026-07-22T21:27:19.334512+08:00
2026-07-14,Electrek,实时,true,historical,,,3,3,0,3,1.0000,,,,,,,,2026-07-22T21:27:19.334512+08:00
2026-07-14,Hydrogen Tech World,周度,false,historical,,,2,2,0,0,0.0000,,,,,,,,2026-07-22T21:27:19.334512+08:00
2026-07-14,MIT Technology Review,实时,true,historical,,,2,2,0,2,1.0000,,,,,,,,2026-07-22T21:27:19.334512+08:00
2026-07-14,Supply Chain Digital,实时,true,historical,,,4,4,0,4,1.0000,,,,,,,,2026-07-22T21:27:19.334512+08:00
2026-07-14,electrive,实时,true,historical,,,1,1,0,1,1.0000,,,,,,,,2026-07-22T21:27:19.334512+08:00
2026-07-14,scitechdaily,实时,true,historical,,,10,10,0,10,1.0000,,,,,,,,2026-07-22T21:27:19.334512+08:00
2026-07-14,the information,实时,true,historical,,,6,6,0,0,0.0000,,,,,,,,2026-07-22T21:27:19.334512+08:00
2026-07-14,中国电力新闻网-新能源,实时,true,historical,,,1,1,0,1,1.0000,,,,,,,,2026-07-22T21:27:19.334512+08:00
2026-07-14,中国电力新闻网-科技,实时,true,historical,,,5,3,2,5,1.0000,,,,,,,,2026-07-22T21:27:19.334512+08:00
2026-07-14,新华网科技,实时,true,historical,,,1,1,0,1,1.0000,,,,,,,,2026-07-22T21:27:19.334512+08:00
2026-07-14,索比光伏,实时,true,historical,,,4,4,0,4,1.0000,,,,,,,,2026-07-22T21:27:19.334512+08:00
2026-07-14,索比光伏-综合新闻,实时,true,historical,,,3,3,0,2,0.6667,,,,,,,,2026-07-22T21:27:19.334512+08:00
2026-07-15,Batteries International,实时（新闻资讯）+季度（新闻整合）,false,historical,,,7,7,0,7,1.0000,,,,,,,,2026-07-22T21:27:19.334512+08:00
2026-07-15,Battery Tech Online,实时,true,historical,,,2,2,0,2,1.0000,,,,,,,,2026-07-22T21:27:19.334512+08:00
2026-07-15,ESS News,实时,true,historical,,,7,7,0,7,1.0000,,,,,,,,2026-07-22T21:27:19.334512+08:00
2026-07-15,Electrek,实时,true,historical,,,6,6,0,6,1.0000,,,,,,,,2026-07-22T21:27:19.334512+08:00
2026-07-15,Hydrogen Tech World,周度,false,historical,,,1,1,0,0,0.0000,,,,,,,,2026-07-22T21:27:19.334512+08:00
2026-07-15,MIT Technology Review,实时,true,historical,,,1,1,0,1,1.0000,,,,,,,,2026-07-22T21:27:19.334512+08:00
2026-07-15,Supply Chain Digital,实时,true,historical,,,3,3,0,3,1.0000,,,,,,,,2026-07-22T21:27:19.334512+08:00
2026-07-15,electrive,实时,true,historical,,,3,3,0,3,1.0000,,,,,,,,2026-07-22T21:27:19.334512+08:00
2026-07-15,scitechdaily,实时,true,historical,,,7,7,0,7,1.0000,,,,,,,,2026-07-22T21:27:19.334512+08:00
2026-07-15,the information,实时,true,historical,,,4,4,0,0,0.0000,,,,,,,,2026-07-22T21:27:19.334512+08:00
2026-07-15,中国电力新闻网-新能源,实时,true,historical,,,4,3,1,4,1.0000,,,,,,,,2026-07-22T21:27:19.334512+08:00
2026-07-15,中国电力新闻网-科技,实时,true,historical,,,1,1,0,1,1.0000,,,,,,,,2026-07-22T21:27:19.334512+08:00
2026-07-15,新华网科技,实时,true,historical,,,6,6,0,6,1.0000,,,,,,,,2026-07-22T21:27:19.334512+08:00
2026-07-15,索比光伏,实时,true,historical,,,1,1,0,1,1.0000,,,,,,,,2026-07-22T21:27:19.334512+08:00
2026-07-16,ESS News,实时,true,historical,,,3,3,0,3,1.0000,,,,,,,,2026-07-22T21:27:19.334512+08:00
2026-07-16,Electrek,实时,true,historical,,,6,6,0,6,1.0000,,,,,,,,2026-07-22T21:27:19.334512+08:00
2026-07-16,MIT Technology Review,实时,true,historical,,,2,2,0,2,1.0000,,,,,,,,2026-07-22T21:27:19.334512+08:00
2026-07-16,Supply Chain Digital,实时,true,historical,,,3,3,0,3,1.0000,,,,,,,,2026-07-22T21:27:19.334512+08:00
2026-07-16,scitechdaily,实时,true,historical,,,10,10,0,10,1.0000,,,,,,,,2026-07-22T21:27:19.334512+08:00
2026-07-16,the information,实时,true,historical,,,5,5,0,0,0.0000,,,,,,,,2026-07-22T21:27:19.334512+08:00
2026-07-16,中国电力新闻网-新能源,实时,true,historical,,,3,2,1,3,1.0000,,,,,,,,2026-07-22T21:27:19.334512+08:00
2026-07-16,中国电力新闻网-科技,实时,true,historical,,,6,3,3,6,1.0000,,,,,,,,2026-07-22T21:27:19.334512+08:00
2026-07-16,新华网科技,实时,true,historical,,,6,6,0,6,1.0000,,,,,,,,2026-07-22T21:27:19.334512+08:00
2026-07-16,索比光伏,实时,true,historical,,,1,1,0,1,1.0000,,,,,,,,2026-07-22T21:27:19.334512+08:00
2026-07-16,索比光伏-综合新闻,实时,true,historical,,,2,2,0,2,1.0000,,,,,,,,2026-07-22T21:27:19.334512+08:00
2026-07-17,Ammonia Energy Association,周度,false,historical,,,1,1,0,0,0.0000,,,,,,,,2026-07-22T21:27:19.334512+08:00
2026-07-17,ESS News,实时,true,historical,,,6,6,0,6,1.0000,,,,,,,,2026-07-22T21:27:19.334512+08:00
2026-07-17,Electrek,实时,true,historical,,,6,6,0,6,1.0000,,,,,,,,2026-07-22T21:27:19.334512+08:00
2026-07-17,MIT Technology Review,实时,true,historical,,,3,3,0,3,1.0000,,,,,,,,2026-07-22T21:27:19.334512+08:00
2026-07-17,Renewables Now,实时,true,historical,,,2,2,0,2,1.0000,,,,,,,,2026-07-22T21:27:19.334512+08:00
2026-07-17,Supply Chain Digital,实时,true,historical,,,4,4,0,4,1.0000,,,,,,,,2026-07-22T21:27:19.334512+08:00
2026-07-17,pv magazine,实时,true,historical,,,4,4,0,4,1.0000,,,,,,,,2026-07-22T21:27:19.334512+08:00
2026-07-17,scitechdaily,实时,true,historical,,,10,10,0,10,1.0000,,,,,,,,2026-07-22T21:27:19.334512+08:00
2026-07-17,the information,实时,true,historical,,,14,14,0,0,0.0000,,,,,,,,2026-07-22T21:27:19.334512+08:00
2026-07-17,中国电力新闻网-新能源,实时,true,historical,,,4,2,2,4,1.0000,,,,,,,,2026-07-22T21:27:19.334512+08:00
2026-07-17,新华网科技,实时,true,historical,,,9,9,0,9,1.0000,,,,,,,,2026-07-22T21:27:19.334512+08:00
2026-07-17,索比光伏,实时,true,historical,,,1,1,0,1,1.0000,,,,,,,,2026-07-22T21:27:19.334512+08:00
2026-07-17,索比光伏-综合新闻,实时,true,historical,,,8,8,0,6,0.7500,,,,,,,,2026-07-22T21:27:19.334512+08:00
2026-07-18,Electrek,实时,true,historical,,,2,2,0,2,1.0000,,,,,,,,2026-07-22T21:27:19.334512+08:00
2026-07-18,Supply Chain Digital,实时,true,historical,,,4,4,0,4,1.0000,,,,,,,,2026-07-22T21:27:19.334512+08:00
2026-07-18,pv magazine,实时,true,historical,,,6,6,0,6,1.0000,,,,,,,,2026-07-22T21:27:19.334512+08:00
2026-07-18,scitechdaily,实时,true,historical,,,10,10,0,10,1.0000,,,,,,,,2026-07-22T21:27:19.334512+08:00
2026-07-18,the information,实时,true,historical,,,6,6,0,0,0.0000,,,,,,,,2026-07-22T21:27:19.334512+08:00
2026-07-19,4C Offshore,实时,true,zero,0,0,0,0,0,0,0.0000,,,,1,warning,no_output,日更渠道当天没有收集到文章,2026-07-22T21:27:19.334512+08:00
2026-07-19,Ammonia Energy Association,周度,false,idle,0,0,0,0,0,0,0.0000,1,2.00,0.00,1,normal,,,2026-07-22T21:27:19.334512+08:00
2026-07-19,Batteries International,实时（新闻资讯）+季度（新闻整合）,false,idle,0,0,0,0,0,0,0.0000,7,4.00,0.00,1,normal,,,2026-07-22T21:27:19.334512+08:00
2026-07-19,Batteries International News,周度,false,idle,0,0,0,0,0,0,0.0000,,,,1,normal,,,2026-07-22T21:27:19.334512+08:00
2026-07-19,Battery Council International,周度,false,skipped,0,0,0,0,0,0,0.0000,,,,1,normal,,,2026-07-22T21:27:19.334512+08:00
2026-07-19,Battery Tech Online,实时,true,zero,0,0,0,0,0,0,0.0000,2,2.00,0.00,1,critical,sudden_zero,日更渠道从有产出降为 0,2026-07-22T21:27:19.334512+08:00
2026-07-19,BloombergNEF Press,月度,false,idle,0,0,0,0,0,0,0.0000,,,,1,normal,,,2026-07-22T21:27:19.334512+08:00
2026-07-19,ESPLAZA长时储能网,实时,true,skipped,0,0,0,0,0,0,0.0000,,,,1,normal,,,2026-07-22T21:27:19.334512+08:00
2026-07-19,ESS News,实时,true,zero,0,0,0,0,0,0,0.0000,6,5.00,0.00,1,critical,sudden_zero,日更渠道从有产出降为 0,2026-07-22T21:27:19.334512+08:00
2026-07-19,Electrek,实时,true,zero,0,0,0,0,0,0,0.0000,2,6.00,0.00,1,critical,sudden_zero,日更渠道从有产出降为 0,2026-07-22T21:27:19.334512+08:00
2026-07-19,H2 View,实时,true,zero,0,0,0,0,0,0,0.0000,,,,1,warning,no_output,日更渠道当天没有收集到文章,2026-07-22T21:27:19.334512+08:00
2026-07-19,Hydrogen Tech World,周度,false,idle,0,0,0,0,0,0,0.0000,1,1.00,0.00,1,normal,,,2026-07-22T21:27:19.334512+08:00
2026-07-19,IT之家,实时,true,zero,0,0,0,0,0,0,0.0000,20,20.00,0.00,1,critical,sudden_zero,日更渠道从有产出降为 0,2026-07-22T21:27:19.334512+08:00
2026-07-19,Informationsdienst Wissenschaft-idw,实时,true,zero,0,0,0,0,0,0,0.0000,,,,1,warning,no_output,日更渠道当天没有收集到文章,2026-07-22T21:27:19.334512+08:00
2026-07-19,MIT Technology Review,实时,true,zero,0,0,0,0,0,0,0.0000,3,2.00,0.00,1,critical,sudden_zero,日更渠道从有产出降为 0,2026-07-22T21:27:19.334512+08:00
2026-07-19,MIT Technology Review Climate,实时,true,zero,0,0,0,0,0,0,0.0000,,,,1,warning,no_output,日更渠道当天没有收集到文章,2026-07-22T21:27:19.334512+08:00
2026-07-19,Renewables Now,实时,true,zero,0,0,0,0,0,0,0.0000,2,2.50,0.00,1,critical,sudden_zero,日更渠道从有产出降为 0,2026-07-22T21:27:19.334512+08:00
2026-07-19,Supply Chain Digital,实时,true,healthy,0,0,1,1,0,1,1.0000,4,3.50,0.29,0,normal,,,2026-07-22T21:27:19.334512+08:00
2026-07-19,Volta Foundation,周度,false,idle,0,0,0,0,0,0,0.0000,,,,1,normal,,,2026-07-22T21:27:19.334512+08:00
2026-07-19,batteries news,实时,true,skipped,0,0,0,0,0,0,0.0000,,,,1,normal,,,2026-07-22T21:27:19.334512+08:00
2026-07-19,electrive,实时,true,zero,0,0,0,0,0,0,0.0000,3,2.00,0.00,1,critical,sudden_zero,日更渠道从有产出降为 0,2026-07-22T21:27:19.334512+08:00
2026-07-19,interesting engineering,实时,true,zero,0,0,0,0,0,0,0.0000,9,9.00,0.00,1,critical,sudden_zero,日更渠道从有产出降为 0,2026-07-22T21:27:19.334512+08:00
2026-07-19,perovskite-info,实时,true,zero,0,0,0,0,0,0,0.0000,,,,1,warning,no_output,日更渠道当天没有收集到文章,2026-07-22T21:27:19.334512+08:00
2026-07-19,pv magazine,实时,true,zero,0,0,0,0,0,0,0.0000,6,6.00,0.00,1,critical,sudden_zero,日更渠道从有产出降为 0,2026-07-22T21:27:19.334512+08:00
2026-07-19,pv magazine C&I PV,实时,true,zero,0,0,0,0,0,0,0.0000,,,,1,warning,no_output,日更渠道当天没有收集到文章,2026-07-22T21:27:19.334512+08:00
2026-07-19,scitechdaily,实时,true,healthy,0,0,8,8,0,8,1.0000,10,10.00,0.80,0,normal,,,2026-07-22T21:27:19.334512+08:00
2026-07-19,the information,实时,true,healthy,0,0,2,2,0,0,0.0000,6,6.00,0.33,0,warning,"sharp_drop,low_usable_rate",仅为 7 日中位数的 0.33 倍；正文可用率仅 0%,2026-07-22T21:27:19.334512+08:00
2026-07-19,中国新能源网-新闻,实时,true,zero,0,0,0,0,0,0,0.0000,,,,1,warning,no_output,日更渠道当天没有收集到文章,2026-07-22T21:27:19.334512+08:00
2026-07-19,中国核电信息网-国内,实时,true,zero,0,0,0,0,0,0,0.0000,,,,1,warning,no_output,日更渠道当天没有收集到文章,2026-07-22T21:27:19.334512+08:00
2026-07-19,中国核电信息网-国际,实时,true,zero,0,0,0,0,0,0,0.0000,,,,1,warning,no_output,日更渠道当天没有收集到文章,2026-07-22T21:27:19.334512+08:00
2026-07-19,中国电力新闻网-新能源,实时,true,zero,0,0,0,0,0,0,0.0000,4,4.00,0.00,1,critical,sudden_zero,日更渠道从有产出降为 0,2026-07-22T21:27:19.334512+08:00
2026-07-19,中国电力新闻网-科技,实时,true,zero,0,0,0,0,0,0,0.0000,6,3.50,0.00,1,critical,sudden_zero,日更渠道从有产出降为 0,2026-07-22T21:27:19.334512+08:00
2026-07-19,中粉固态电池,实时,true,skipped,0,0,0,0,0,0,0.0000,,,,1,normal,,,2026-07-22T21:27:19.334512+08:00
2026-07-19,全球风电网,实时,true,zero,0,0,0,0,0,0,0.0000,,,,1,warning,no_output,日更渠道当天没有收集到文章,2026-07-22T21:27:19.334512+08:00
2026-07-19,国际太阳能光伏网,实时,true,zero,0,0,0,0,0,0,0.0000,,,,1,warning,no_output,日更渠道当天没有收集到文章,2026-07-22T21:27:19.334512+08:00
2026-07-19,地热能在线,实时,true,skipped,0,0,0,0,0,0,0.0000,,,,1,normal,,,2026-07-22T21:27:19.334512+08:00
2026-07-19,新华网科技,实时,true,zero,0,0,0,0,0,0,0.0000,9,6.00,0.00,1,critical,sudden_zero,日更渠道从有产出降为 0,2026-07-22T21:27:19.334512+08:00
2026-07-19,新能源网,实时,true,zero,0,0,0,0,0,0,0.0000,,,,1,warning,no_output,日更渠道当天没有收集到文章,2026-07-22T21:27:19.334512+08:00
2026-07-19,科学网新闻,实时,true,zero,0,0,0,0,0,0,0.0000,,,,1,warning,no_output,日更渠道当天没有收集到文章,2026-07-22T21:27:19.334512+08:00
2026-07-19,索比光伏,实时,true,zero,0,0,0,0,0,0,0.0000,1,1.00,0.00,1,critical,sudden_zero,日更渠道从有产出降为 0,2026-07-22T21:27:19.334512+08:00
2026-07-19,索比光伏-综合新闻,实时,true,zero,0,0,0,0,0,0,0.0000,8,4.50,0.00,1,critical,sudden_zero,日更渠道从有产出降为 0,2026-07-22T21:27:19.334512+08:00
2026-07-19,网易知光谷,低频,false,idle,0,0,0,0,0,0,0.0000,,,,1,normal,,,2026-07-22T21:27:19.334512+08:00
2026-07-19,能源学人,实时,true,skipped,0,0,0,0,0,0,0.0000,,,,1,normal,,,2026-07-22T21:27:19.334512+08:00
2026-07-19,起点钠电,实时,true,skipped,0,0,0,0,0,0,0.0000,,,,1,normal,,,2026-07-22T21:27:19.334512+08:00
2026-07-19,钙钛矿学习xx平台,实时,true,skipped,0,0,0,0,0,0,0.0000,,,,1,normal,,,2026-07-22T21:27:19.334512+08:00
2026-07-19,钙钛矿工厂,实时,true,skipped,0,0,0,0,0,0,0.0000,,,,1,normal,,,2026-07-22T21:27:19.334512+08:00
2026-07-19,风电世界,实时,true,skipped,0,0,0,0,0,0,0.0000,,,,1,normal,,,2026-07-22T21:27:19.334512+08:00
